Contour,Area,hem2Model (normalized mode 1),hem2Model (normalized mode 2)
UID_H1_1_1_hem-15,20285.8,0.167588,-0.735453
UID_H1_10_1_hem-19,6644.77,2.44498,-0.680205
UID_H1_11_1_hem-13,16740.2,0.30731,-1.33871
UID_H1_15_1_hem-4,15339.3,0.360389,-1.63688
UID_H1_16_1_hem-7,2157.42,2.55214,0.11599
UID_H1_16_2_hem-10,6550.33,2.29052,2.56078
UID_H1_19_1_hem-4,19242.5,0.0808426,-1.23205
UID_H1_2_1_hem-5,19009.7,0.100077,-1.26827
UID_H1_20_1_hem-25,20032.7,0.0301577,-1.16962
UID_H1_21_1_hem-3,18177.1,0.189106,-1.29778
UID_H1_22_1_hem-2,16691.2,0.252711,-1.53013
UID_H1_23_1_hem-14,27408.7,0.229096,1.24746
UID_H1_25_1_hem-14,17778.1,0.209724,-1.28293
UID_H1_27_1_hem-11,37010.6,-0.824472,0.516057
UID_H1_29_1_hem-2,20416.1,0.0172975,-1.05972
UID_H1_3_1_hem-3,27477.2,-0.334655,-0.186212
UID_H1_30_1_hem-36,42670.9,-1.16018,0.67219
UID_H1_31_1_hem-4,21332.7,-0.0635498,-1.06007
UID_H1_32_1_hem-27,31353.3,-0.601924,-0.111543
UID_H1_33_1_hem-17,10058.9,2.36192,-1.04206
UID_H1_34_1_hem-26,23272.2,-0.131597,-0.668177
UID_H1_35_1_hem-35,29245,-0.315798,0.0899918
UID_H1_36_1_hem-27,31455.1,-0.394101,0.356574
UID_H1_38_1_hem-5,19017.3,0.21151,-0.877215
UID_H1_39_1_hem-6,26557.5,-0.0871801,0.32843
UID_H1_40_1_hem-14,19787.9,0.143401,-0.79377
UID_H1_44_1_hem-15,29183.4,-0.490091,-0.302824
UID_H1_5_1_hem-2,23111.6,0.338347,0.362107
UID_H1_6_1_hem-2,23065,0.335393,0.327516
UID_H1_7_1_hem-19,21937,-0.0571571,-0.878161
UID_H1_8_1_hem-8,3268.22,3.09147,2.044
UID_H1_9_1_hem-25,19937.6,0.0785932,-1.03074
UID_H13_1_1_hem-11,22786.1,-0.0461388,-0.439258
UID_H13_1_2_hem-11,15985.5,0.336806,-1.43149
UID_H13_1_3_hem-7,7548.64,2.5083,-0.921708
UID_H13_1_4_hem-18,24481.3,-0.205848,-0.634674
UID_H13_10_1_hem-11,20899.2,-0.00497401,-0.996637
UID_H13_10_2_hem-10,18581.5,0.144667,-1.21112
UID_H13_11_1_hem-12,20518.3,0.0163472,-1.05107
UID_H13_11_2_hem-14,33258.2,-0.673331,0.177283
UID_H13_11_3_hem-14,39890.2,-0.931409,0.623111
UID_H13_11_4_hem-9,21070.4,-0.011591,-0.95892
UID_H13_11_5_hem-12,27375,-0.294203,0.0245223
UID_H13_12_1_hem-17,39001.6,-0.915293,0.673598
UID_H13_12_2_hem-16,39421.5,-0.85809,0.763042
UID_H13_12_3_hem-9,25489.3,-0.255185,-0.488373
UID_H13_12_4_hem-15,23398.7,-0.124305,-0.595758
UID_H13_13_1_hem-15,43147.8,-1.03917,0.933368
UID_H13_13_2_hem-3,36540.5,-0.563631,0.8905
UID_H13_13_3_hem-19,43358.4,-1.10129,1.00106
UID_H13_13_4_hem-3,33495.5,-0.670256,0.229669
UID_H13_14_1_hem-8,17155,0.291918,-1.22551
UID_H13_14_2_hem-27,37955.9,-0.827304,0.621716
UID_H13_15_1_hem-15,22831.1,-0.119816,-0.787184
UID_H13_15_2_hem-11,24469.8,0.0734485,0.0941242
UID_H13_15_3_hem-20,31229.4,-0.582156,-0.0871431
UID_H13_15_4_hem-10,27265.9,-0.328842,-0.292304
UID_H13_15_5_hem-4,30897.8,-0.613842,-0.266443
UID_H13_16_1_hem-22,36162.5,-0.688108,0.604476
UID_H13_16_2_hem-18,46964.6,-1.29172,1.0612
UID_H13_17_1_hem-8,24437,-0.0578253,-0.257064
UID_H13_17_2_hem-6,29312.8,-0.289049,0.427957
UID_H13_17_3_hem-3,21713.8,-0.0355769,-0.832225
UID_H13_17_4_hem-14,31686.8,-0.483616,0.4624
UID_H13_17_5_hem-11,20542.3,0.141215,-0.411841
UID_H13_17_6_hem-14,29913.3,-0.532276,-0.2171
UID_H13_17_7_hem-15,21160,-0.00939033,-0.918199
UID_H13_17_8_hem-16,22593.9,-0.0585892,-0.640649
UID_H13_18_1_hem-11,32628.9,-0.563778,0.344412
UID_H13_18_2_hem-30,45911.6,-1.26749,0.895474
UID_H13_19_1_hem-5,22583.7,-0.0623773,-0.637003
UID_H13_19_2_hem-9,19191.4,0.146909,-1.05645
UID_H13_19_3_hem-7,20786.9,0.0298495,-0.89368
UID_H13_19_4_hem-2,17579.6,0.228616,-1.30993
UID_H13_19_5_hem-25,48637,-1.4113,1.073
UID_H13_19_6_hem-7,19562,0.0631267,-1.20494
UID_H13_2_1_hem-12,29240.6,-0.505496,-0.370762
UID_H13_2_2_hem-11,24930.9,-0.210387,-0.523679
UID_H13_2_3_hem-6,27763.8,-0.221421,-0.0951596
UID_H13_2_4_hem-4,18524,0.229029,-0.990596
UID_H13_2_5_hem-6,26518.3,-0.329952,-0.470244
UID_H13_2_6_hem-12,31088.3,-0.523854,0.12438
UID_H13_2_7_hem-17,25575.8,-0.117071,-0.195332
UID_H13_2_8_hem-9,22736.1,-0.137354,-0.905794
UID_H13_20_1_hem-14,24871.6,-0.249047,-0.672714
UID_H13_20_2_hem-8,19540,0.16202,-0.875253
UID_H13_20_3_hem-4,18716.5,0.188657,-1.03469
UID_H13_20_4_hem-3,29824.2,-0.159689,0.815153
UID_H13_21_1_hem-19,40443.4,-1.02984,0.589255
UID_H13_21_2_hem-18,26520.7,-0.293125,-0.353683
UID_H13_21_3_hem-20,37429.7,-0.868673,0.416864
UID_H13_21_4_hem-15,32959,-0.684907,0.05144
UID_H13_22_1_hem-5,26371,-0.341361,-0.504981
UID_H13_22_2_hem-13,23564.7,-0.178623,-0.790257
UID_H13_23_1_hem-3,18551.3,0.170115,-1.15755
UID_H13_23_2_hem-5,21238.7,0.0350037,-0.7473
UID_H13_23_3_hem-9,23578.7,-0.170189,-0.755322
UID_H13_23_4_hem-9,41437.8,-1.12996,0.472837
UID_H13_23_5_hem-5,17323.3,0.210842,-1.43614
UID_H13_24_1_hem-18,43399.9,-1.15126,0.919432
UID_H13_24_2_hem-11,19920.5,2.72041,0.0477913
UID_H13_24_3_hem-31,48775.8,-1.10473,1.75477
UID_H13_25_1_hem-26,48605.2,-1.29876,1.45492
UID_H13_25_2_hem-13,29368.8,-0.385193,0.0626602
UID_H13_25_3_hem-16,36092.4,-0.801999,0.41057
UID_H13_26_1_hem-11,31900,-0.500909,0.375475
UID_H13_26_2_hem-7,17784.5,0.281556,-0.914073
UID_H13_26_3_hem-5,17300.8,0.256301,-1.23236
UID_H13_26_4_hem-13,26524.7,-0.292457,-0.359963
UID_H13_26_5_hem-6,18899.8,0.132457,-1.17966
UID_H13_26_6_hem-8,21058.9,-0.0269857,-1.03998
UID_H13_27_1_hem-7,16862.9,0.264358,-1.39864
UID_H13_27_2_hem-2,14794.2,0.415372,-1.64768
UID_H13_28_1_hem-7,20678.5,0.0263758,-1.02218
UID_H13_28_2_hem-4,30376.5,-0.390575,0.426756
UID_H13_29_1_hem-6,22669.3,-0.136092,-0.886388
UID_H13_29_2_hem-5,22648.8,-0.112545,-0.835411
UID_H13_29_3_hem-15,30688.8,-0.438985,0.395997
UID_H13_29_4_hem-3,18598.3,0.215703,-0.981671
UID_H13_3_1_hem-20,25127.9,-0.221617,-0.508711
UID_H13_3_2_hem-8,27905.9,-0.211074,-0.0527905
UID_H13_3_3_hem-12,4098.21,3.11913,2.57276
UID_H13_3_4_hem-7,47425.8,0.0361724,2.01857
UID_H13_3_5_hem-8,31062.6,-0.521134,0.124664
UID_H13_3_6_hem-19,25410.2,-0.0920593,-0.195223
UID_H13_3_7_hem-15,32310.5,-0.568007,0.283884
UID_H13_30_1_hem-3,19568,0.113995,-1.00736
UID_H13_30_2_hem-4,20769.4,0.0135125,-1.01824
UID_H13_30_3_hem-2,20367.7,0.03304,-1.01589
UID_H13_30_4_hem-2,16468.8,0.279444,-1.504
UID_H13_31_1_hem-9,29076.7,-0.292086,0.162912
UID_H13_31_2_hem-8,23619.8,-0.130061,-0.538931
UID_H13_31_3_hem-7,23816.8,-0.116604,-0.402745
UID_H13_33_1_hem-9,32860,-0.528658,0.353428
UID_H13_33_2_hem-8,20155.1,0.147224,-0.81185
UID_H13_33_3_hem-14,19777.7,0.109497,-1.00851
UID_H13_33_4_hem-11,16757.7,0.316028,-1.12848
UID_H13_33_5_hem-12,19838.9,0.164966,-0.730259
UID_H13_33_6_hem-9,19487.1,0.0751023,-1.15892
UID_H13_34_1_hem-6,30842.9,-0.515743,0.152004
UID_H13_34_2_hem-2,15425.9,0.376178,-1.51418
UID_H13_35_1_hem-11,25454.1,-0.254048,-0.454835
UID_H13_35_2_hem-6,16231.2,0.315318,-1.44654
UID_H13_4_1_hem-20,25257.9,-0.17639,-0.320173
UID_H13_4_2_hem-9,16363.2,0.308968,-1.47455
UID_H13_4_3_hem-6,31770.1,-0.424035,0.665071
UID_H13_4_4_hem-3,14492.4,0.45845,-1.61206
UID_H13_4_5_hem-16,24970.3,-0.207298,-0.501017
UID_H13_4_6_hem-8,28154.7,-0.216948,-0.0304778
UID_H13_4_7_hem-5,18903.7,0.207978,-0.933005
UID_H13_5_1_hem-2,16510.2,0.286179,-1.4678
UID_H13_5_2_hem-13,43013.3,-0.60926,2.61136
UID_H13_5_3_hem-11,28794.1,-0.163358,0.818941
UID_H13_5_4_hem-9,18831.2,0.23603,-0.933069
UID_H13_6_1_hem-3,18067.9,0.254649,-0.919139
UID_H13_6_2_hem-3,16159.3,0.365327,-1.29957
UID_H13_6_3_hem-11,21135.7,-0.00678788,-0.991358
UID_H13_6_4_hem-10,25205.3,-0.268197,-0.648406
UID_H13_6_5_hem-4,16425.8,0.302659,-1.44319
UID_H13_7_1_hem-4,21059.9,0.0519453,-0.697846
UID_H13_7_2_hem-3,15542.7,0.462725,-1.16929
UID_H13_7_3_hem-10,21074.5,-0.0106066,-1.00376
UID_H13_8_1_hem-5,17024.4,0.232335,-1.48153
UID_H13_8_2_hem-7,17955.7,0.219328,-1.21308
UID_H13_8_3_hem-2,20346,0.0288974,-1.054
UID_H13_8_4_hem-9,18680.9,0.162161,-1.13995
UID_H13_9_1_hem-6,20375.5,0.0855523,-0.847988
UID_H13_9_2_hem-21,36084.1,-0.769222,0.502562
UID_H13_9_3_hem-16,28816.4,-0.308758,0.358604
UID_H18_1_1_hem-2,32111.1,-0.68284,-0.193483
UID_H18_10_1_hem-10,37835,-0.845809,0.775266
UID_H18_10_2_hem-27,23657.5,-0.187358,-0.811565
UID_H18_11_1_hem-9,30610.5,-0.465845,0.212462
UID_H18_11_2_hem-8,28800.9,0.17597,1.26348
UID_H18_11_3_hem-3,39789.3,-0.84946,0.901092
UID_H18_11_4_hem-7,21490.5,-0.0242888,-0.917753
UID_H18_11_5_hem-26,42014.2,-0.448632,2.80226
UID_H18_11_6_hem-9,21795.3,0.102443,-0.244219
UID_H18_11_8_hem-9,21737.8,0.091746,-0.51002
UID_H18_11_9_hem-3,22537.7,0.0256967,-0.476647
UID_H18_13_1_hem-4,32867.6,-0.622349,0.201245
UID_H18_14_1_hem-7,20349.6,0.0231263,-1.09428
UID_H18_15_1_hem-20,34110,-0.616657,0.720816
UID_H18_15_2_hem-15,38383.7,-0.934034,0.503677
UID_H18_16_1_hem-21,21347.2,0.00845631,-0.757136
UID_H18_2_1_hem-7,20671.5,0.0681254,-0.869599
UID_H18_3_1_hem-2,24214,-0.12088,-0.439241
UID_H18_4_1_hem-4,32231.9,-0.554216,0.377668
UID_H18_5_1_hem-2,28072.4,-0.374293,-0.164948
UID_H18_5_2_hem,961.424,2.5362,-0.90006
UID_H18_6_1_hem-2,2692.07,1.79766,-3.35341
UID_H18_6_2_hem-2,24455.2,-0.166216,-0.45269
UID_H18_6_3_hem-10,44477.3,0.557031,3.70285
UID_H18_6_4_hem-5,37012.4,-0.103582,3.05931
UID_H18_6_5_hem-6,29561.5,-0.513133,-0.281609
UID_H18_7_1_hem-2,40133,-0.726301,1.61556
UID_H18_8_1_hem-4,26410.9,0.317411,0.591874
UID_H18_9_1_hem-7,27295.4,0.0587335,0.917338
UID_H2_1_1_hem-18,36940,-0.856753,0.419194
UID_H2_1_2_hem-20,46326.2,-1.27711,1.02809
UID_H2_1_3_hem-16,30805,-0.587418,-0.178382
UID_H2_10_1_hem-5,27979.7,1.7222,0.849848
UID_H2_10_2_hem-9,23261.9,-0.153865,-0.796619
UID_H2_10_3_hem-12,11085.5,2.82469,0.275067
UID_H2_10_4_hem-10,23790.1,-0.187386,-0.738886
UID_H2_11_1_hem-4,19908.3,0.074852,-1.09429
UID_H2_11_2_hem-14,32797.3,-0.630731,0.118381
UID_H2_12_1_hem-20,43653.9,-1.15914,0.903827
UID_H2_13_1_hem-23,37200.3,-0.834208,0.560568
UID_H2_13_2_hem-6,19959.1,0.0223125,-1.1873
UID_H2_14_1_hem-14,28504.3,-0.361737,-0.115917
UID_H2_15_1_hem-15,39256.9,-0.87439,0.784834
UID_H2_16_1_hem-23,38920.3,-0.877394,0.766661
UID_H2_17_1_hem-5,48045.7,-1.12159,2.04704
UID_H2_18_1_hem-16,33217.6,-0.511696,0.638398
UID_H2_19_1_hem-17,49261.9,-0.885823,2.35441
UID_H2_2_1_hem-14,31974.2,-0.628196,-0.0263377
UID_H2_20_1_hem-18,41505.6,-1.04191,0.764017
UID_H2_21_1_hem-14,23555.4,0.682951,-0.111677
UID_H2_21_2_hem-6,24718.7,0.172218,0.658096
UID_H2_22_1_hem-27,38746.1,-0.860353,0.919796
UID_H2_23_1_hem-16,38549.2,-0.79043,1.29219
UID_H2_24_1_hem-28,36000.5,-0.82566,0.252479
UID_H2_25_1_hem-9,28251.2,-0.465674,-0.468025
UID_H2_26_1_hem-11,46031.5,-1.21601,1.19191
UID_H2_26_2_hem-20,44585.7,-1.1402,1.17713
UID_H2_27_1_hem-15,46048,-0.996903,1.96703
UID_H2_27_2_hem-9,28320.9,-0.397163,-0.11776
UID_H2_27_3_hem-12,29630.1,-0.459421,-0.129808
UID_H2_28_1_hem-3,19596.4,0.152864,-0.93718
UID_H2_28_2_hem-23,30376,-0.467064,0.222958
UID_H2_29_1_hem-5,26933.9,-0.305297,-0.35932
UID_H2_29_2_hem-9,24376,-0.217406,-0.683105
UID_H2_29_3_hem-9,28757.4,-0.267365,0.115011
UID_H2_3_1_hem-4,21774.5,0.0257278,-0.763533
UID_H2_3_2_hem-5,19224.5,0.120279,-1.11703
UID_H2_3_3_hem-21,40442.5,-0.957696,0.66831
UID_H2_3_4_hem-25,47353.2,-1.19603,1.5414
UID_H2_30_1_hem-3,17047.9,0.297522,-1.23888
UID_H2_30_2_hem-20,42154.8,-0.367613,2.85743
UID_H2_31_1_hem-2,27118.6,-0.352377,-0.427349
UID_H2_31_2_hem-6,26682.6,-0.344528,-0.486225
UID_H2_32_1_hem-26,24170.5,-0.236215,-0.813165
UID_H2_32_2_hem-8,24602.1,-0.226011,-0.679206
UID_H2_32_3_hem-13,25958.4,-0.350002,-0.673298
UID_H2_32_4_hem-2,18481.1,0.183616,-1.14079
UID_H2_33_1_hem-5,30639.3,0.112764,2.9989
UID_H2_33_2_hem-6,31979.4,-0.620005,-0.00729525
UID_H2_33_3_hem-3,28430,-0.36791,0.0426454
UID_H2_34_1_hem-12,27538,-0.405028,-0.45277
UID_H2_34_2_hem-9,24929.3,-0.212461,-0.52853
UID_H2_34_3_hem-4,31722.7,-0.624918,-0.117182
UID_H2_34_4_hem-17,42960.2,-0.563696,1.44698
UID_H2_35_1_hem-4,20691,9.50245E-06,-1.02692
UID_H2_35_2_hem-13,15946.6,3.10127,3.22374
UID_H2_36_1_hem-6,38773.1,-0.599233,2.97523
UID_H2_37_1_hem-5,33189.5,-0.672346,0.0573666
UID_H2_37_2_hem-5,21335.5,-0.0476672,-0.990567
UID_H2_37_3_hem-16,36887.7,-0.860533,0.403005
UID_H2_37_4_hem-14,46051.7,-1.26385,1.00877
UID_H2_37_5_hem-12,30771.3,-0.586346,-0.182464
UID_H2_38_1_hem-7,33441,-0.73709,-0.0545299
UID_H2_38_2_hem-11,20375.4,0.048946,-0.941734
UID_H2_38_3_hem-16,25033.6,-0.226052,-0.536121
UID_H2_38_4_hem-3,41607.7,-1.04646,0.79819
UID_H2_39_1_hem-4,33388.1,-0.599459,0.374376
UID_H2_4_1_hem-16,37813.4,-0.880322,0.470185
UID_H2_40_1_hem-11,31399.8,-0.618756,-0.136192
UID_H2_40_2_hem-19,32106.5,-0.575862,0.24927
UID_H2_40_3_hem-16,35533.5,-0.460063,0.712822
UID_H2_40_4_hem-17,37959.2,-0.933292,0.324914
UID_H2_40_5_hem-22,41517.8,-0.964656,1.19501
UID_H2_41_1_hem-6,25502.2,-0.319268,-0.720897
UID_H2_41_2_hem-23,33515.4,-0.713468,0.0902502
UID_H2_41_3_hem-2,15710.4,0.422817,-1.22045
UID_H2_41_4_hem-3,33260.8,-0.674599,0.138625
UID_H2_41_5_hem-2,16965.5,0.310046,-1.2745
UID_H2_41_6_hem-10,23623.1,-0.160032,-0.727612
UID_H2_42_1_hem-6,13674.3,1.6251,0.227252
UID_H2_43_1_hem-14,26475.7,-0.285122,-0.343143
UID_H2_43_2_hem-10,33228.3,-0.642947,0.0337409
UID_H2_43_3_hem-14,24137.1,-0.179214,-0.580888
UID_H2_44_1_hem-10,27529.3,-0.392074,-0.382585
UID_H2_44_2_hem-8,35857.2,-0.0121552,1.93145
UID_H2_44_3_hem-26,36450,-0.887225,0.191746
UID_H2_45_1_hem-3,4301.36,1.88148,-1.38287
UID_H2_46_1_hem-7,23358.4,-0.135546,-0.719444
UID_H2_46_2_hem-21,36594,-0.80888,0.510528
UID_H2_46_3_hem-10,24975.2,-0.285704,-0.725781
UID_H2_46_4_hem-11,21158.5,-0.0293216,-0.956313
UID_H2_46_5_hem-28,36567.5,-0.859103,0.268071
UID_H2_47_1_hem-10,31664,-0.138457,1.88158
UID_H2_47_2_hem-18,26433.5,-0.217756,-0.136083
UID_H2_47_3_hem-4,37205.2,-0.756464,1.28102
UID_H2_49_1_hem-28,30945.8,-0.597971,-0.188887
UID_H2_49_2_hem-10,28588.5,-0.400948,-0.128233
UID_H2_49_3_hem-14,30057.9,-0.445227,0.148806
UID_H2_5_1_hem-22,41411.2,-1.03649,0.75657
UID_H2_50_1_hem-9,25835.9,-0.180363,-0.133892
UID_H2_50_2_hem-11,26812.9,-0.323372,-0.30703
UID_H2_50_3_hem-11,28604.6,-0.418944,-0.123722
UID_H2_50_4_hem-22,39734.5,-0.817641,0.885595
UID_H2_50_5_hem-7,34295.4,-0.607915,0.385548
UID_H2_51_1_hem-8,40281.6,-0.968075,0.624808
UID_H2_6_1_hem-11,23930,-0.186261,-0.679296
UID_H2_6_2_hem-5,21077.5,-0.0291158,-1.04628
UID_H2_6_3_hem-15,26579.3,-0.253159,-0.096933
UID_H2_6_4_hem-7,30571.3,-0.50368,-0.0903131
UID_H2_6_5_hem-17,27220.9,-0.233876,0.0927076
UID_H2_8_1_hem-3,27575.2,-0.408267,-0.436355
UID_H20_1_1_hem-4,26529.9,-0.368994,-0.595769
UID_H20_1_2_hem-2,19400.9,0.08437,-1.15671
UID_H20_1_3_hem-2,17489.3,0.262158,-1.17009
UID_H20_10_1_hem-4,19730.7,0.130757,-0.970419
UID_H20_10_2_hem-4,19384.2,0.076097,-1.21604
UID_H20_10_3_hem-8,27484.3,-0.267896,0.163473
UID_H20_11_1_hem-3,24251.2,-0.162098,-0.609573
UID_H20_12_1_hem-2,31737.6,-0.611486,-0.0521415
UID_H20_12_2_hem-4,26137.7,-0.308271,-0.480919
UID_H20_13_1_hem-2,16891,0.284239,-1.31044
UID_H20_13_2_hem-11,37392.6,-0.848807,0.562331
UID_H20_13_3_hem-5,18238.6,0.16837,-1.27446
UID_H20_13_4_hem-8,18750.9,0.180568,-1.07799
UID_H20_15_1_hem-2,22324.1,-0.0414102,-0.70782
UID_H20_15_2_hem-6,32908.7,-0.648699,0.171261
UID_H20_15_3_hem-2,18132.6,0.176454,-1.27452
UID_H20_16_1_hem-7,31029.9,-0.453022,0.212589
UID_H20_16_2_hem-2,15881.4,0.372562,-1.36074
UID_H20_16_3_hem-2,15131.5,0.428489,-1.49435
UID_H20_16_4_hem-6,30853.1,-0.250943,0.656921
UID_H20_16_5_hem-2,17434.9,0.227916,-1.37908
UID_H20_18_1_hem-2,18619.7,0.235163,-0.854145
UID_H20_18_2_hem-4,21866.4,-0.047558,-0.846908
UID_H20_19_1_hem-9,31625.7,-0.40998,0.42616
UID_H20_19_2_hem-10,41930.7,-0.987996,1.21163
UID_H20_19_3_hem-3,40625.8,-0.928118,1.05709
UID_H20_2_1_hem-3,25849.6,-0.299689,-0.536063
UID_H20_2_2_hem-13,33110.2,-0.657075,0.258107
UID_H20_2_3_hem-23,33067,-0.708599,-0.0605179
UID_H20_2_4_hem-4,30799,-0.402776,0.430993
UID_H20_2_5_hem-2,16816.7,0.279564,-1.33889
UID_H20_2_6_hem-5,22984.7,-0.143654,-0.848017
UID_H20_20_1_hem-8,42465.2,-0.849781,1.67452
UID_H20_20_2_hem-2,18733.2,0.125888,-1.23868
UID_H20_20_3_hem,1649.37,2.30565,-1.36989
UID_H20_20_4_hem-4,27594.9,-0.308413,-0.125143
UID_H20_20_5_hem-9,18125.5,0.16249,-1.33485
UID_H20_22_1_hem-2,26101.7,-0.0865776,0.0325196
UID_H20_23_1_hem-3,21362.4,-0.028047,-0.971241
UID_H20_23_2_hem-2,21857.7,-0.0241268,-0.78563
UID_H20_23_3_hem-2,18152.2,0.252375,-1.08014
UID_H20_24_1_hem-3,19758.9,0.12562,-0.946517
UID_H20_24_2_hem-2,18430,0.205097,-1.08979
UID_H20_25_1_hem-2,20258.9,0.121098,-0.617467
UID_H20_26_1_hem-2,33187.4,-0.695566,0.0652516
UID_H20_27_1_hem-2,33603.4,-0.709588,0.114625
UID_H20_27_2_hem-2,19009.7,0.147824,-1.03513
UID_H20_28_1_hem-6,20359,0.0798357,-0.932682
UID_H20_28_2_hem-5,19728,0.0928532,-1.04691
UID_H20_28_3_hem-36,37175.2,-0.913011,0.224376
UID_H20_28_4_hem-10,35823.8,-0.81367,0.26349
UID_H20_28_5_hem-12,28150.8,-0.267101,0.174849
UID_H20_28_6_hem-6,18609.7,0.161782,-1.15942
UID_H20_29_1_hem-4,20072.1,0.0836774,-0.959102
UID_H20_29_2_hem-11,22439.4,-0.100905,-0.835594
UID_H20_29_3_hem-9,21506.3,-0.0440115,-0.952332
UID_H20_29_4_hem-6,21010.5,0.069698,-0.581377
UID_H20_29_5_hem-9,20149.5,0.0332913,-1.07966
UID_H20_29_6_hem-2,2167.78,2.95372,0.159511
UID_H20_29_7_hem-6,21553.2,-0.0243878,-0.873453
UID_H20_3_1_hem-6,22663.1,-0.132523,-0.899826
UID_H20_3_2_hem-2,18030.5,0.21596,-1.09025
UID_H20_30_1_hem,2844.48,3.23886,1.88807
UID_H20_30_2_hem-18,36526.1,-0.843846,0.331282
UID_H20_30_3_hem-3,29260.3,-0.410725,0.027594
UID_H20_31_1_hem-5,31317,-0.525741,0.148351
UID_H20_31_2_hem-14,28232.8,-0.198798,-0.00512692
UID_H20_31_3_hem-16,26851,-0.258893,-0.201561
UID_H20_31_4_hem-5,18398,0.27448,-0.725232
UID_H20_32_1_hem-4,19025,0.210846,-0.76935
UID_H20_32_2_hem-2,24038.2,-0.180968,-0.702534
UID_H20_33_1_hem-6,27025.1,-0.404499,-0.578925
UID_H20_33_2_hem-2,18790.8,0.220804,-0.771115
UID_H20_33_3_hem-7,24320.1,-0.118656,-0.462809
UID_H20_34_1_hem-3,18554,0.120769,-1.32633
UID_H20_34_2_hem-2,22648.9,-0.0268332,-0.408858
UID_H20_35_1_hem-2,21989.8,0.0356341,-0.439448
UID_H20_36_1_hem-10,23238.9,-0.167213,-0.86848
UID_H20_36_2_hem-25,38450.8,-0.87905,0.703199
UID_H20_37_1_hem-13,20589.3,0.0259511,-0.998111
UID_H20_37_2_hem,3499.88,2.90107,1.11164
UID_H20_37_3_hem-13,27994.1,-0.308372,-0.0414404
UID_H20_37_4_hem-4,22734,0.022573,-0.14381
UID_H20_4_1_hem-7,35822.5,-0.757551,0.505062
UID_H20_5_1_hem-3,21507.6,0.0371762,-0.698677
UID_H20_5_2_hem-5,28674.3,-0.325992,0.21604
UID_H20_6_1_hem-4,20918.7,-0.0218977,-1.08827
UID_H20_6_2_hem-6,20272.6,0.136848,-0.697062
UID_H20_6_3_hem-5,31973.5,-0.653396,-0.127677
UID_H20_7_1_hem-2,19230.4,0.114226,-1.14397
UID_H20_7_2_hem-5,20856.9,0.0885818,-0.743898
UID_H20_7_3_hem-5,21427.7,-0.0256818,-0.889467
UID_H20_8_1_hem-3,16392.8,0.293341,-1.46753
UID_H20_8_2_hem-3,21728.2,-0.0343834,-0.837131
UID_H20_8_3_hem-2,19004.3,0.167144,-0.918772
UID_H20_8_4_hem-2,17120.1,0.252932,-1.35631
UID_H20_9_1_hem-7,19060.1,0.151817,-1.043
UID_H20_9_2_hem-4,31788.8,-0.460719,0.517924
UID_H20_9_3_hem-2,20074.9,0.0514704,-1.08735
UID_H20_9_4_hem-3,19225.6,0.119071,-1.10546
UID_H23_1_1_hem-7,41494.4,-0.465684,2.50955
UID_H23_1_2_hem-2,19412.5,0.186886,-0.77356
UID_H23_1_3_hem-3,16631.1,0.278391,-1.42549
UID_H23_10_1_hem-2,20644.3,0.170017,-0.579087
UID_H23_10_10_hem-7,4795.36,3.1369,-0.274738
UID_H23_10_11_hem-6,27433.9,-0.0496537,0.762915
UID_H23_10_12_hem-2,3812.07,3.14649,0.301263
UID_H23_10_13_hem-3,2557.81,2.86667,0.162013
UID_H23_10_2_hem-4,7268.35,2.98634,0.51867
UID_H23_10_3_hem-2,1774.09,2.95591,0.911036
UID_H23_10_4_hem-17,30506.3,-0.463367,0.166714
UID_H23_10_5_hem-13,13501.6,2.94465,2.17066
UID_H23_10_6_hem-3,16569.3,0.334149,-1.27188
UID_H23_10_7_hem-4,28863.3,-0.102013,0.91316
UID_H23_10_8_hem-3,1719.49,2.79712,0.867792
UID_H23_10_9_hem-6,16965.2,0.53952,0.828389
UID_H23_11_1_hem-9,2001.07,2.48773,0.434823
UID_H23_11_2_hem-6,3130.64,2.75597,1.69523
UID_H23_11_3_hem-3,2373.9,2.89659,1.57944
UID_H23_11_4_hem-6,3509.87,3.03451,1.81929
UID_H23_11_5_hem-2,23644.4,-0.198336,-0.815434
UID_H23_12_1_hem-2,21112.8,0.00228759,-0.932452
UID_H23_12_10_hem-2,2484.62,2.69427,0.623669
UID_H23_12_11_hem-5,22337.5,-0.067516,-0.737393
UID_H23_12_12_hem-2,2916.63,3.13546,0.679318
UID_H23_12_13_hem-4,5376.47,2.86821,0.525904
UID_H23_12_14_hem-3,18485.6,0.134854,-1.29501
UID_H23_12_2_hem-2,2688.94,3.37585,1.02604
UID_H23_12_3_hem-4,20353.6,0.0509634,-1.01748
UID_H23_12_4_hem-5,24271.3,-0.201054,-0.698453
UID_H23_12_5_hem-7,25015.8,-0.196868,-0.34178
UID_H23_12_6_hem-8,22305.6,-0.0910492,-0.837714
UID_H23_12_7_hem-3,22309.2,-0.076327,-0.811322
UID_H23_12_8_hem-9,26841.7,-0.349152,-0.452233
UID_H23_12_9_hem-5,21410,-0.0574328,-1.00794
UID_H23_13_1_hem-7,22563.2,-0.0826864,-0.725433
UID_H23_13_10_hem-16,23242.5,-0.0368694,-0.412471
UID_H23_13_11_hem-7,30589.1,-0.163315,0.697778
UID_H23_13_12_hem-2,2837.45,3.06214,0.328494
UID_H23_13_2_hem-2,2437.67,3.05183,0.779557
UID_H23_13_3_hem-4,5286.2,2.78645,0.479101
UID_H23_13_4_hem-3,18514.7,0.135204,-1.27963
UID_H23_13_5_hem-3,20686.6,0.0301101,-0.942662
UID_H23_13_6_hem-2,18342.7,0.247966,-1.01319
UID_H23_13_7_hem-8,21964,-0.0239435,-0.735704
UID_H23_13_8_hem,4567.2,2.80809,-0.163269
UID_H23_13_9_hem-13,26411.5,-0.345083,-0.534979
UID_H23_14_1_hem-6,5131.46,2.78136,1.13776
UID_H23_14_2_hem-2,2972.04,3.20345,2.48613
UID_H23_14_3_hem-3,19620,0.0826392,-1.14973
UID_H23_14_4_hem-9,3548.11,3.09009,1.27217
UID_H23_14_5_hem-4,23960.7,-0.153436,-0.656809
UID_H23_14_6_hem-8,19872.5,0.0674385,-1.10025
UID_H23_14_7_hem,3839,2.4369,0.485905
UID_H23_14_8_hem-5,19813.1,0.074477,-1.05361
UID_H23_15_1_hem-3,23164.5,0.0546116,-0.227817
UID_H23_15_10_hem-3,4754.08,3.23894,0.283041
UID_H23_15_11_hem-7,33821.1,-0.706526,0.181771
UID_H23_15_2_hem-26,35694.9,-0.848561,0.0855269
UID_H23_15_3_hem-10,21733.6,-0.0532832,-0.935276
UID_H23_15_4_hem-3,3617.97,2.89466,0.30808
UID_H23_15_5_hem-19,33393.5,-0.684703,0.0984043
UID_H23_15_6_hem-30,41876.4,-1.07405,0.713207
UID_H23_15_7_hem-5,16230.8,0.346441,-1.29215
UID_H23_15_8_hem,1860.71,3.03951,0.0275864
UID_H23_15_9_hem-3,43246.2,-0.523845,3.05702
UID_H23_16_1_hem-8,22244,-0.0876485,-0.858962
UID_H23_16_10_hem-7,27017.9,-0.26751,-0.0919781
UID_H23_16_11_hem-3,16662,0.347559,-1.19836
UID_H23_16_12_hem-12,35181.9,-0.735227,0.337385
UID_H23_16_13_hem-4,2584.79,2.86744,1.53634
UID_H23_16_14_hem-2,14124,0.461228,-1.73552
UID_H23_16_15_hem,2927.62,2.8525,-0.0651374
UID_H23_16_16_hem,2477.41,2.77484,0.0353572
UID_H23_16_17_hem-11,18309.5,0.158865,-1.2403
UID_H23_16_18_hem-17,5117.31,2.97506,1.90045
UID_H23_16_2_hem-27,33383.2,-0.720323,0.016571
UID_H23_16_3_hem-3,20634.9,0.0742786,-0.678096
UID_H23_16_4_hem-9,20275.9,0.0733473,-0.991182
UID_H23_16_5_hem-6,36604.6,-0.408929,1.5887
UID_H23_16_6_hem-5,11602.1,3.03147,-0.535546
UID_H23_16_7_hem,3688.1,3.21547,0.218397
UID_H23_16_8_hem-13,33179.9,-0.675799,0.0911245
UID_H23_16_9_hem-18,31792.1,-0.603542,-0.00644558
UID_H23_17_1_hem-11,25168,-0.244996,-0.556509
UID_H23_17_2_hem-11,28984.8,-0.236321,0.281833
UID_H23_17_3_hem-3,24329,0.254722,0.980769
UID_H23_17_4_hem-2,23609.8,0.26503,0.916577
UID_H23_17_5_hem-4,18953.2,0.12944,-1.126
UID_H23_17_6_hem-2,14499.5,1.14286,1.70057
UID_H23_17_7_hem-2,15330.7,0.417267,-1.49532
UID_H23_18_1_hem-15,19266.7,1.12695,0.821551
UID_H23_18_10_hem-6,21551.2,-0.0501081,-0.940606
UID_H23_18_11_hem-2,1054.74,2.46472,-1.06144
UID_H23_18_12_hem-9,27487.1,-0.419649,-0.501715
UID_H23_18_13_hem-9,20079.7,0.051313,-1.09268
UID_H23_18_2_hem-2,14546.3,0.436794,-1.63552
UID_H23_18_3_hem-3,20724.5,0.0772051,-0.616006
UID_H23_18_4_hem-7,23167.6,0.148151,0.0202268
UID_H23_18_5_hem-2,19250.4,0.0738537,-1.28091
UID_H23_18_6_hem-15,26883,-0.299213,-0.270044
UID_H23_18_7_hem-4,17208.7,0.413442,-0.759201
UID_H23_18_8_hem-6,28235.3,-0.382909,-0.176825
UID_H23_18_9_hem-5,24387.5,-0.206901,-0.669264
UID_H23_19_1_hem-5,4728.04,3.14511,1.38889
UID_H23_19_10_hem-3,20351.7,0.0962046,-0.669867
UID_H23_19_11_hem-9,22516.3,-0.0729277,-0.710427
UID_H23_19_12_hem-5,20707.9,0.0228867,-0.965374
UID_H23_19_13_hem-4,3325.45,3.09342,0.688016
UID_H23_19_14_hem-9,4238.06,2.66712,0.915034
UID_H23_19_15_hem-7,3046.83,2.7894,0.38429
UID_H23_19_16_hem-9,20733,0.0371285,-0.861145
UID_H23_19_17_hem-9,21792,-0.062452,-0.914021
UID_H23_19_2_hem-4,21167.4,0.0296497,-0.762973
UID_H23_19_3_hem-5,22195.9,0.0204589,-0.619418
UID_H23_19_4_hem-2,17855.1,0.236702,-1.16273
UID_H23_19_5_hem-4,25179.5,-0.228899,-0.454241
UID_H23_19_6_hem-3,1863.82,2.98835,0.713755
UID_H23_19_7_hem-19,29352.8,2.68112,0.608664
UID_H23_19_8_hem-4,13287,1.12527,1.62029
UID_H23_19_9_hem-2,4843.56,3.20728,1.94821
UID_H23_2_1_hem-3,4942.55,3.3268,1.07222
UID_H23_2_10_hem-9,25919.7,-0.287838,-0.517406
UID_H23_2_11_hem-4,20601.8,0.0427352,-0.965373
UID_H23_2_12_hem-6,18233.1,0.198978,-1.24354
UID_H23_2_13_hem-13,26330.1,-0.284563,-0.301223
UID_H23_2_14_hem-9,23589.8,-0.126031,-0.625875
UID_H23_2_15_hem-20,33531.4,-0.721452,0.00289011
UID_H23_2_2_hem-22,35208,-0.677632,0.562114
UID_H23_2_3_hem-11,25929.1,-0.325096,-0.622856
UID_H23_2_4_hem-7,27096.8,0.158591,1.41455
UID_H23_2_5_hem-15,26864.4,-0.359734,-0.495738
UID_H23_2_6_hem-5,28273.7,-0.437829,-0.435923
UID_H23_2_7_hem-7,21377.2,-0.0529106,-1.03129
UID_H23_2_8_hem-9,36448.8,-0.546964,1.2181
UID_H23_2_9_hem-4,22892.8,-0.14239,-0.853127
UID_H23_20_1_hem-17,44376.8,-1.06029,1.32722
UID_H23_20_10_hem-5,2130.28,2.8615,0.691525
UID_H23_20_11_hem-12,28055.9,-0.271295,-0.0309734
UID_H23_20_12_hem-3,20554,0.0956661,-0.737377
UID_H23_20_13_hem-4,19025.4,0.0971647,-1.25886
UID_H23_20_2_hem-3,18690.2,0.159332,-1.21157
UID_H23_20_3_hem-6,22254.8,0.0150067,-0.451777
UID_H23_20_4_hem-5,21703.7,-0.0552162,-0.941378
UID_H23_20_5_hem-8,10159.1,2.61847,2.04563
UID_H23_20_6_hem-2,2224.93,2.94423,0.590417
UID_H23_20_7_hem-2,16278.7,0.35533,-1.34009
UID_H23_20_8_hem-11,34036.6,-0.724045,0.112264
UID_H23_20_9_hem-3,2108.18,2.91628,0.696112
UID_H23_21_1_hem-6,24681.8,-0.249081,-0.676442
UID_H23_21_2_hem-9,23869.1,-0.196393,-0.737583
UID_H23_21_3_hem-6,28344.5,-0.291299,-0.0202436
UID_H23_21_4_hem-9,27103.5,-0.394247,-0.551891
UID_H23_21_5_hem-3,16595.5,2.63436,0.8386
UID_H23_21_6_hem-7,22112.7,0.0298299,-0.62043
UID_H23_21_7_hem-4,1888.21,3.0861,0.598755
UID_H23_22_1_hem-2,16388.8,0.365435,-1.2333
UID_H23_22_10_hem-5,20678.5,0.0230729,-0.968768
UID_H23_22_11_hem-14,23406.6,-0.0482195,-0.437416
UID_H23_22_12_hem-9,13881.5,2.16084,-1.13639
UID_H23_22_13_hem-3,5643.16,2.58252,-0.991554
UID_H23_22_14_hem-7,20851.7,0.0397613,-0.817506
UID_H23_22_2_hem-7,30141.5,0.152854,1.42186
UID_H23_22_3_hem-7,26997.3,-0.390958,-0.568432
UID_H23_22_4_hem-6,21918.4,-0.0396877,-0.799517
UID_H23_22_5_hem-8,1290.42,2.17382,-0.294986
UID_H23_22_6_hem-24,43041.5,-1.11303,0.927677
UID_H23_22_8_hem-3,20081.8,0.078244,-0.941064
UID_H23_22_9_hem-2,18344.6,0.151165,-1.28387
UID_H23_23_1_hem-6,19819.5,0.0980797,-0.960483
UID_H23_23_10_hem-5,18006,0.171177,-1.3658
UID_H23_23_2_hem-14,28011.5,-0.320155,0.00430298
UID_H23_23_3_hem-15,23604.6,-0.157048,-0.66931
UID_H23_23_4_hem-9,21327,0.156084,-0.396856
UID_H23_23_5_hem-7,35025.5,-0.7799,0.233957
UID_H23_23_6_hem-4,19320.7,0.0946675,-1.15345
UID_H23_23_7_hem-6,18409,0.238204,-0.945899
UID_H23_23_8_hem-3,2647.32,3.32669,0.527913
UID_H23_23_9_hem-3,17467.8,0.233485,-1.31719
UID_H23_24_1_hem-6,24776.6,-0.261483,-0.684616
UID_H23_24_2_hem-6,21226.3,0.0108462,-0.840692
UID_H23_24_3_hem-2,3007.1,3.2271,1.42423
UID_H23_24_4_hem-4,17853.1,0.268191,-1.05718
UID_H23_24_5_hem-3,16794.3,0.27953,-1.34763
UID_H23_24_6_hem-4,21102.2,0.093039,-0.501179
UID_H23_24_7_hem-9,30290.6,0.316165,1.58982
UID_H23_24_8_hem-6,17972.2,0.167369,-1.38592
UID_H23_24_9_hem-10,25563.4,-0.301944,-0.633436
UID_H23_25_1_hem-8,2549.63,3.1503,1.32239
UID_H23_26_1_hem-5,41162.8,-0.383836,1.38039
UID_H23_26_2_hem-11,23561.6,-0.167965,-0.794264
UID_H23_26_3_hem-4,18772.9,0.138329,-1.20258
UID_H23_27_1_hem-2,19146.4,0.110609,-1.16949
UID_H23_27_2_hem-8,21249.2,-0.0476294,-1.03893
UID_H23_27_3_hem-20,23665.4,-0.176663,-0.720952
UID_H23_27_4_hem-3,20456,-0.00473569,-1.15061
UID_H23_27_5_hem-12,24850,-0.206633,-0.456192
UID_H23_27_6_hem-5,19231.4,0.0895343,-1.21609
UID_H23_28_1_hem-11,24660.4,-0.177979,-0.413447
UID_H23_28_2_hem-3,23431.7,-0.170305,-0.807777
UID_H23_29_1_hem-8,31674.7,-0.357793,0.671962
UID_H23_29_2_hem-13,4778.88,3.15599,0.746688
UID_H23_3_1_hem-2,21698.8,0.278209,0.142976
UID_H23_3_10_hem-7,25485.1,-0.0927494,-0.0146459
UID_H23_3_11_hem-8,24707.4,-0.159774,-0.296967
UID_H23_3_12_hem-29,32128.4,0.0559138,2.06274
UID_H23_3_13_hem-5,26813.4,-0.359963,-0.496356
UID_H23_3_14_hem-11,30316,-0.523939,-0.0239415
UID_H23_3_15_hem-11,29951.4,-0.352864,0.443136
UID_H23_3_16_hem-6,24178.3,-0.171158,-0.550942
UID_H23_3_17_hem-15,24388.2,-0.186388,-0.528398
UID_H23_3_18_hem-19,24948.7,-0.163093,-0.200346
UID_H23_3_19_hem-12,21693.4,-0.0482022,-0.951163
UID_H23_3_2_hem-3,3428.15,2.86699,0.527882
UID_H23_3_3_hem-4,21107.7,-0.0203392,-0.990997
UID_H23_3_4_hem-3,19709.7,0.0702688,-1.1138
UID_H23_3_5_hem-5,3807.91,3.2584,0.745531
UID_H23_3_6_hem-17,35438.5,-0.624247,0.707977
UID_H23_3_7_hem-2,20122.4,0.0433762,-1.13858
UID_H23_3_8_hem-3,21239.5,0.00997126,-0.924977
UID_H23_3_9_hem,2686.79,3.1988,0.670688
UID_H23_30_1_hem-2,17695.2,0.24401,-1.18863
UID_H23_30_2_hem-9,24384.6,-0.168058,-0.414246
UID_H23_31_1_hem-6,3347.9,2.87022,2.88254
UID_H23_31_2_hem-10,28687.7,-0.435392,-0.25672
UID_H23_31_3_hem-24,44462.7,-1.15661,1.1163
UID_H23_31_4_hem-13,21186.1,-0.0231921,-0.985341
UID_H23_32_1_hem-7,34060.4,-0.526239,0.683601
UID_H23_32_2_hem-4,25177.9,-0.218333,-0.358511
UID_H23_33_1_hem-3,19665.7,0.279519,-0.593466
UID_H23_33_2_hem-6,23002.9,-0.0927033,-0.6541
UID_H23_33_3_hem-3,19452.7,0.213255,-0.630922
UID_H23_33_4_hem-6,18814.6,0.155511,-1.15222
UID_H23_34_1_hem-2,15434.6,0.406233,-1.42846
UID_H23_34_2_hem-16,23900.9,-0.176511,-0.65773
UID_H23_34_3_hem-12,19783.7,0.0745069,-1.09475
UID_H23_34_4_hem-40,41351.7,-1.01162,0.89558
UID_H23_34_5_hem-18,18815,0.195172,-1.10145
UID_H23_35_1_hem-4,41935.6,-1.03702,0.939244
UID_H23_35_2_hem-5,21951.6,0.0185396,-0.549183
UID_H23_35_3_hem-13,26547.7,-0.316339,-0.443652
UID_H23_36_1_hem-4,17345.5,0.247362,-1.3482
UID_H23_36_2_hem-2,16731.9,0.279299,-1.39267
UID_H23_4_1_hem,4006.63,2.33081,1.19035
UID_H23_4_10_hem-6,24773.6,-0.161433,-0.254333
UID_H23_4_11_hem-6,8401.1,2.80503,0.413786
UID_H23_4_12_hem-5,26339.5,-0.335722,-0.53675
UID_H23_4_13_hem-12,30256.1,-0.512841,-0.00561758
UID_H23_4_14_hem-14,38576.5,-0.760593,0.996946
UID_H23_4_15_hem-4,21493,0.127066,-0.499799
UID_H23_4_16_hem-6,29960.4,-0.338774,0.482442
UID_H23_4_17_hem-4,2755.65,2.90042,1.53362
UID_H23_4_2_hem-4,20193,0.0645972,-1.01904
UID_H23_4_3_hem-4,24278.8,-0.170893,-0.607595
UID_H23_4_4_hem-13,37547.2,-0.839607,0.550283
UID_H23_4_5_hem-3,21004.2,-0.0124171,-0.993162
UID_H23_4_6_hem-2,19994.5,0.0615508,-1.11909
UID_H23_4_7_hem-2,20836.6,0.0854432,-0.777902
UID_H23_4_8_hem-3,21035,0.0196275,-0.952983
UID_H23_4_9_hem-2,2937.03,3.22136,0.536502
UID_H23_5_1_hem-11,29221.8,-0.525591,-0.420131
UID_H23_5_10_hem-2,15552.5,0.417041,-1.31978
UID_H23_5_11_hem-6,22742.4,-0.048283,-0.594448
UID_H23_5_12_hem-4,19147.7,0.169969,-1.01114
UID_H23_5_13_hem-13,22358.6,-0.0990894,-0.88709
UID_H23_5_14_hem-9,24293.5,-0.242425,-0.781426
UID_H23_5_15_hem-10,26415.8,-0.32171,-0.434468
UID_H23_5_2_hem-5,27652.9,-0.382282,-0.305678
UID_H23_5_3_hem-8,21221.1,-0.000213446,-0.866062
UID_H23_5_4_hem-2,19914,0.0716861,-1.05197
UID_H23_5_5_hem-3,18917.1,0.142415,-1.16498
UID_H23_5_6_hem-4,21749.5,-0.0577022,-0.905498
UID_H23_5_7_hem-9,3680.2,3.32225,1.0911
UID_H23_5_8_hem-16,45710.5,-1.03661,1.86953
UID_H23_5_9_hem-7,24763.5,-0.218398,-0.570886
UID_H23_6_1_hem-2,2966.5,3.16934,0.669371
UID_H23_6_10_hem-3,21120,0.0682728,-0.77992
UID_H23_6_11_hem-4,19662.2,0.125015,-0.875345
UID_H23_6_12_hem-11,23119.8,-0.142966,-0.788386
UID_H23_6_13_hem-8,22703.1,-0.0484696,-0.599681
UID_H23_6_2_hem-10,7690.74,3.20438,3.11059
UID_H23_6_3_hem-4,3144.91,2.93981,0.738155
UID_H23_6_4_hem-12,25827.3,-0.244253,-0.351959
UID_H23_6_5_hem-2,17732.8,0.24523,-1.16673
UID_H23_6_6_hem,3389.13,2.80249,0.702698
UID_H23_6_7_hem-9,27273.5,-0.35828,-0.329822
UID_H23_6_8_hem-2,19980.8,0.0688013,-1.03818
UID_H23_6_9_hem-4,21685.9,-0.0535586,-0.905753
UID_H23_7_1_hem-12,25245.8,-0.243342,-0.566715
UID_H23_7_10_hem-6,19844.4,0.0312769,-1.2012
UID_H23_7_2_hem-2,19800.4,0.0453883,-1.18066
UID_H23_7_3_hem-5,18754.4,0.194552,-1.07062
UID_H23_7_4_hem-10,29330.6,2.39061,3.97863
UID_H23_7_5_hem-9,30359.8,-0.468264,0.0240008
UID_H23_7_6_hem-7,18787.7,0.118611,-1.24674
UID_H23_7_7_hem-5,19577.2,0.0961806,-1.03787
UID_H23_7_8_hem-8,24136.3,-0.229031,-0.772443
UID_H23_7_9_hem-8,21149,0.0522516,-0.667252
UID_H23_8_1_hem-5,25288.1,-0.298971,-0.717127
UID_H23_8_2_hem-7,22381.6,-0.106638,-0.869638
UID_H23_8_3_hem-5,4872.87,2.77553,0.807538
UID_H23_8_4_hem-3,18258,0.199401,-1.13045
UID_H23_8_5_hem-2,18465,0.156856,-1.19937
UID_H23_8_6_hem-3,18629.2,0.172623,-1.17498
UID_H23_8_7_hem-5,46479.2,-0.472802,2.67735
UID_H23_8_8_hem-2,18039.9,0.239463,-1.14301
UID_H23_8_9_hem-9,33034.8,-0.286082,1.76786
UID_H23_9_1_hem-8,23050.9,-0.145257,-0.821255
UID_H23_9_10_hem-9,13047,2.71222,0.566858
UID_H23_9_11_hem-9,22930.4,-0.0678757,-0.595654
UID_H23_9_12_hem-10,23225.4,-0.131877,-0.735203
UID_H23_9_13_hem-9,24119.4,-0.0354455,0.35801
UID_H23_9_14_hem-8,10552.4,2.35402,-1.05854
UID_H23_9_15_hem-9,25372.7,-0.233164,-0.477863
UID_H23_9_16_hem-13,22817.7,-0.101455,-0.786814
UID_H23_9_17_hem-10,16343.3,0.737344,0.795836
UID_H23_9_18_hem-3,18818.2,0.149825,-1.14642
UID_H23_9_19_hem-9,16163.6,2.08778,-1.36161
UID_H23_9_2_hem-2,17628.3,0.300334,-0.9925
UID_H23_9_3_hem-4,21298.2,-0.031947,-0.913378
UID_H23_9_4_hem-5,20719.3,0.0255443,-0.984513
UID_H23_9_5_hem-3,18121.7,0.206998,-1.19694
UID_H23_9_6_hem-3,20448.6,0.0141378,-1.06286
UID_H23_9_7_hem-3,19444.5,0.131594,-0.988818
UID_H23_9_8_hem-9,20523.1,0.0921818,-0.852857
UID_H23_9_9_hem-2,18290.8,0.291237,-1.02701
UID_h3_1_1_hem-29,27666.6,-0.351729,-0.235422
UID_h3_10_1_hem-24,28447.3,-0.479763,-0.439604
UID_h3_11_1_hem-16,31109.3,-0.604665,-0.176485
UID_h3_12_1_hem-28,7842.01,2.80131,1.91294
UID_h3_13_1_hem-8,33942.5,-0.431738,1.05104
UID_h3_14_1_hem-15,26328.6,-0.237262,-0.220613
UID_h3_16_1_hem-24,49716.2,-1.23557,1.98267
UID_h3_17_1_hem-15,44233.5,-1.03414,1.49767
UID_h3_18_1_hem-11,25493.8,-0.277844,-0.550577
UID_h3_19_1_hem-11,29062.1,-0.494787,-0.299391
UID_h3_2_1_hem-5,21301.6,-0.0576677,-1.0489
UID_h3_21_1_hem-18,43707.3,-1.13444,0.896567
UID_h3_23_1_hem-14,40318,-0.715242,1.226
UID_h3_26_1_hem-12,44065.8,-1.14757,1.00837
UID_h3_27_1_hem-12,44156.9,-1.17558,1.00665
UID_h3_28_1_hem-15,26123.3,-0.312161,-0.478221
UID_h3_29_1_hem-10,41506,-1.08238,0.694173
UID_h3_3_1_hem-10,28031.9,-0.35621,-0.0683501
UID_h3_3_2_hem-2,19722.3,0.0896839,-1.06748
UID_h3_3_3_hem-3,28537.2,-0.396726,-0.0815971
UID_h3_30_1_hem-22,45341.9,-1.26086,0.82223
UID_h3_31_1_hem-17,25822.5,-0.33507,-0.662109
UID_h3_32_1_hem-17,34399.3,-0.759691,0.12618
UID_h3_33_1_hem-24,37378.8,-0.84514,0.545957
UID_h3_34_1_hem-2,46352.1,-0.725005,2.08367
UID_h3_35_1_hem-16,34599.8,-0.769137,0.155397
UID_h3_36_1_hem-2,28517.6,-0.303746,0.148748
UID_h3_37_1_hem-18,24269.9,-0.150457,-0.46516
UID_h3_38_1_hem-16,22870,-0.15782,-0.918149
UID_h3_39_1_hem-13,35173.4,-0.761095,0.293269
UID_h3_4_1_hem-31,40312.9,-0.948098,0.716848
UID_h3_5_1_hem-14,41175.6,-0.955215,1.10574
UID_h3_6_1_hem-22,38124,-0.788151,0.974211
UID_h3_6_2_hem-36,47708,-1.37509,0.977954
UID_h3_7_1_hem-12,40467,-1.05609,0.479436
UID_h3_9_1_hem-14,37097.8,-0.909269,0.256548
UID_H4_1_1_hem-5,19203.9,0.122763,-1.11615
UID_H4_1_2_hem-20,40319.8,-0.951079,0.673486
UID_H4_3_1_hem-14,32833.9,-0.633017,0.120721
UID_H4_4_1_hem-15,39313.9,-0.876678,0.78655
UID_H4_5_1_hem-16,33197.4,-0.508682,0.643921
UID_H4_6_1_hem-26,38978.9,-0.869953,0.937525
UID_H4_7_1_hem-11,46031.5,-1.21601,1.19191
UID_H4_7_2_hem-20,44585.7,-1.1402,1.17713
UID_H4_8_1_hem-20,42154.8,-0.367613,2.85743
UID_H40_1_1_hem-4,31720.9,-0.493194,0.430635
UID_H40_1_2_hem-11,30247.6,0.259286,1.60292
UID_H40_1_3_hem-19,39641,-0.86957,0.861683
UID_H40_1_4_hem-36,45661.5,-0.708813,2.74908
UID_H40_1_5_hem-13,18398.9,0.215963,-1.00988
UID_H40_10_1_hem-6,31358.5,-0.292069,0.663462
UID_H40_10_2_hem-5,34019.4,-0.709275,0.239075
UID_H40_10_3_hem,36732.7,-0.845908,0.401108
UID_H40_10_4_hem-19,25388.3,-0.113872,0.339887
UID_H40_10_5_hem-18,31264.1,-0.577322,0.0216135
UID_H40_11_1_hem-18,24131.1,-0.173459,-0.591574
UID_H40_11_2_hem,28962.9,-0.446933,-0.120559
UID_H40_11_3_hem-2,37455.7,-0.835371,0.509987
UID_H40_12_1_hem-7,34344.8,-0.764882,0.110461
UID_H40_12_2_hem-13,25495.7,-0.209186,-0.407349
UID_H40_12_3_hem-2,30220.6,-0.48797,0.0107369
UID_H40_12_4_hem-5,39407.6,-0.678547,1.22328
UID_H40_13_1_hem-22,32292.8,-0.631737,-0.0181749
UID_H40_13_2_hem-2,37012.5,-0.849473,0.380091
UID_H40_13_3_hem,21501.2,-0.0473211,-0.995811
UID_H40_13_4_hem-5,25233.5,-0.214885,-0.528444
UID_H40_13_5_hem-20,30686.1,-0.544663,-0.0532827
UID_H40_13_6_hem-7,28610.7,-0.147403,-0.0131125
UID_H40_13_7_hem,27514.2,-0.396457,-0.37709
UID_H40_14_1_hem-6,28212.6,-0.404077,-0.209432
UID_H40_14_2_hem-8,31103.9,-0.527167,0.120537
UID_H40_14_3_hem-19,30018.7,-0.38905,0.368944
UID_H40_14_4_hem,35881.2,-0.819928,0.198945
UID_H40_14_5_hem-3,26697.6,-0.325755,-0.415564
UID_H40_14_6_hem-19,24872.1,-0.154412,-0.245432
UID_H40_15_1_hem-6,37558.9,-0.769755,1.04963
UID_H40_15_2_hem-20,41594.7,-0.900313,1.32694
UID_H40_15_3_hem-21,26970.7,-0.335983,-0.370391
UID_H40_18_1_hem-2,27890.4,-0.323792,-0.0546415
UID_H40_18_2_hem-10,26643.2,-0.245266,-0.379804
UID_H40_18_3_hem-19,23190.8,-0.10715,-0.743908
UID_H40_18_4_hem-24,26619.4,-0.264067,-0.0502772
UID_H40_18_5_hem-14,29923.4,-0.414146,0.3056
UID_H40_19_1_hem-22,45351.6,-0.796515,2.47276
UID_H40_19_2_hem-33,31374.8,-0.471929,0.404942
UID_H40_19_3_hem-10,28889.4,-0.394222,-0.0678956
UID_H40_19_4_hem-20,36098.4,-0.781094,0.413545
UID_H40_19_5_hem-50,45346.3,-1.20174,1.07102
UID_H40_19_6_hem-27,39269.5,-0.835599,0.879884
UID_H40_19_7_hem-14,33972.5,-0.735284,0.0515442
UID_H40_19_8_hem-25,46103,-0.741003,2.79111
UID_H40_19_9_hem-16,25392.6,-0.277215,-0.590199
UID_H40_2_1_hem-10,25766.1,-0.254772,-0.445376
UID_H40_2_2_hem-21,30657.9,-0.488137,0.196084
UID_H40_2_3_hem-23,34758.5,-0.790999,0.0774112
UID_H40_2_4_hem-2,23506.9,-0.0451518,-0.0771892
UID_H40_2_5_hem-7,26161.9,-0.333546,-0.571218
UID_H40_2_6_hem-4,27853.1,-0.309882,-0.0277206
UID_H40_20_1_hem-14,18309.4,3.27425,1.47446
UID_H40_20_2_hem-11,29636,-0.466103,-0.0930678
UID_H40_20_3_hem-14,35675.5,-0.646677,0.659089
UID_H40_20_4_hem-16,35045.9,-0.706638,0.544846
UID_H40_20_5_hem,34667.2,-0.762767,0.19695
UID_H40_21_1_hem-9,24772.6,-0.0402801,0.236972
UID_H40_21_2_hem-15,45438.6,-1.14284,1.41466
UID_H40_21_3_hem-13,29211.4,-0.371943,0.132945
UID_H40_21_4_hem-9,33258.4,-0.61755,0.362036
UID_H40_21_5_hem-13,31255.9,-0.49595,0.148248
UID_H40_21_6_hem-21,24712.9,-0.0814195,-0.168925
UID_H40_22_1_hem-9,32540.4,-0.612586,0.243063
UID_H40_22_2_hem-14,28313.3,-0.412414,-0.218131
UID_H40_22_3_hem-7,30376.2,-0.395661,0.425756
UID_H40_22_4_hem-12,31172.9,-0.634944,-0.240561
UID_H40_22_5_hem-7,25865.8,-0.00688665,0.598172
UID_H40_22_6_hem-5,32751.5,-0.700342,-0.104492
UID_H40_22_7_hem-23,25518.1,-0.192136,-0.177736
UID_H40_23_1_hem-15,47415.1,-1.24171,1.36985
UID_H40_23_2_hem-13,31771.1,-0.634754,-0.107452
UID_H40_23_3_hem-14,27357.8,-0.341718,-0.299376
UID_H40_23_4_hem-7,23102.4,-0.0123393,-0.221757
UID_H40_23_5_hem,29349.1,-0.513458,-0.37125
UID_H40_23_6_hem-6,41838.7,-1.09381,0.728427
UID_H40_23_7_hem-12,27539.7,-0.382211,-0.339518
UID_H40_23_8_hem,29639.1,-0.492164,-0.155818
UID_H40_24_1_hem-17,27378.3,-0.268165,0.303415
UID_H40_24_10_hem-13,30883.5,-0.587625,-0.165454
UID_H40_24_11_hem,25810.6,-0.277175,-0.4743
UID_H40_24_12_hem-31,22426.2,0.0270638,-0.338064
UID_H40_24_13_hem,28936.7,-0.485751,-0.399156
UID_H40_24_14_hem-2,41497.7,-1.0879,0.694642
UID_H40_24_2_hem-34,37637.8,-0.859335,0.486398
UID_H40_24_3_hem-33,29133.7,-0.331714,0.281094
UID_H40_24_4_hem-3,25236.3,-0.115408,-0.127187
UID_H40_24_5_hem-12,31227.9,-0.397299,0.678103
UID_H40_24_6_hem-7,27723,-0.362545,-0.220675
UID_H40_24_7_hem-16,21549.3,-0.00629457,-0.834921
UID_H40_24_8_hem-4,28361.4,-0.217777,0.436278
UID_H40_24_9_hem,43628,-1.19382,0.780352
UID_H40_25_1_hem-20,29081,0.911029,0.922358
UID_H40_25_2_hem-24,25186.3,-0.225085,-0.406835
UID_H40_3_1_hem-2,36477.3,-0.246027,1.97635
UID_H40_3_2_hem-4,37438.7,-0.2694,2.20839
UID_H40_3_3_hem-21,30545.3,-0.48094,0.180566
UID_H40_3_4_hem-19,34464.3,-0.776898,0.0669408
UID_H40_4_1_hem-16,32053.6,-0.462765,0.318063
UID_H40_4_2_hem-22,29313.6,-0.521218,-0.364496
UID_H40_4_3_hem-18,32605.7,2.38074,2.64348
UID_H40_4_4_hem-19,21849.2,0.0241214,-0.606382
UID_H40_4_5_hem-23,31641.3,-0.490094,0.416076
UID_H40_4_6_hem,28479.9,-0.378104,-0.117394
UID_H40_4_7_hem-7,44934.5,-1.21394,0.971247
UID_H40_4_8_hem-33,40137.3,-0.86845,0.945944
UID_H40_4_9_hem-10,45778.4,-0.697422,2.77211
UID_H40_5_1_hem-2,37281.4,-0.713932,0.792101
UID_H40_5_2_hem-7,26384,-0.256421,-0.328128
UID_H40_5_3_hem-9,31324.7,-0.500897,0.165496
UID_H40_5_4_hem-11,30986.7,-0.47986,0.0697522
UID_H40_6_1_hem-3,25406.6,0.0530547,0.512143
UID_H40_6_2_hem-7,37445,-0.769,1.06277
UID_H40_6_3_hem-11,40928.8,-0.613078,1.94151
UID_H40_6_4_hem-23,39691.6,0.730913,3.74068
UID_H40_6_5_hem-8,24964.9,-0.20005,-0.485947
UID_H40_6_6_hem-7,30905.3,-0.576761,-0.163831
UID_H40_7_1_hem-23,30889.8,-0.372817,0.60099
UID_H40_7_2_hem,4726.76,3.41902,1.68477
UID_H40_7_3_hem-17,36883.6,-0.860836,0.29375
UID_H40_7_4_hem-13,25204.4,-0.153067,-0.108171
UID_H40_7_5_hem-7,24984.8,-0.160905,-0.227324
UID_H40_7_6_hem-5,25139.6,0.0859774,0.511676
UID_H40_7_7_hem-9,36861.9,-0.74618,0.986055
UID_H40_8_1_hem-11,27802.3,-0.378125,-0.24502
UID_H40_8_2_hem-10,34217.7,-0.182218,1.30191
UID_H40_8_3_hem-24,31304.4,-0.447026,0.336378
UID_H40_8_4_hem-4,29708.2,-0.377665,0.32007
UID_H40_8_5_hem-2,4835.59,3.33042,1.65387
UID_H40_8_6_hem,36723.2,-0.85459,0.272114
UID_H40_8_7_hem-8,24964.4,-0.149477,-0.159037
UID_H40_9_1_hem-16,39795.8,-0.498915,2.19065
UID_H40_9_2_hem-15,30127.4,-0.48513,-0.0182822
UID_H40_9_3_hem-7,29742.2,-0.376616,0.346095
UID_H40_9_4_hem-5,28406.7,-0.257881,0.404437
UID_H40_9_5_hem,35523.3,-0.809501,0.159663
UID_H40_9_6_hem-7,24715.2,-0.14265,-0.204725
UID_H40_9_7_hem,26384,-0.306906,-0.435831
UID_H40_9_8_hem-11,24789.4,-0.150933,-0.261633
UID_H46_1_1_hem-22,42494.5,-0.835962,2.10086
UID_H46_1_2_hem-8,29772.3,-0.356504,0.323214
UID_H46_1_3_hem-6,42919.4,-1.12799,0.834998
UID_H46_1_4_hem-5,30703.8,-0.428196,0.173494
UID_H46_11_1_hem-2,26758,-0.244159,-0.0511732
UID_H46_12_1_hem-7,31568.8,-0.506156,0.272799
UID_H46_16_1_hem-11,23385.6,-0.0625269,-0.576485
UID_H46_17_1_hem-5,27909.2,-0.351047,0.0680491
UID_H46_2_1_hem-10,44086.8,-0.854805,1.32478
UID_H46_2_2_hem-12,33102.4,-0.580985,0.325132
UID_H46_2_3_hem-10,46703.5,-0.532433,3.16053
UID_H46_2_4_hem-11,37674,-0.764064,0.888328
UID_H46_20_1_hem-2,35898.3,0.759887,2.2897
UID_H46_21_1_hem-3,25504.9,0.139139,0.0328452
UID_H46_21_2_hem-4,31359,-0.224518,0.383376
UID_H46_22_1_hem-3,47662.5,-0.966428,1.60772
UID_H46_25_1_hem-13,30069,-0.47306,-0.0950224
UID_H46_25_2_hem-15,48579.8,-1.22137,1.71817
UID_H46_27_1_hem-2,29726.3,-0.218431,0.668464
UID_H46_27_2_hem,43951.2,-1.06951,1.49141
UID_H46_28_1_hem-7,41985.1,-0.466712,1.30249
UID_H46_3_1_hem-4,25441.9,-0.133789,-0.266332
UID_H46_4_1_hem-20,46031.2,-0.978506,2.04398
UID_H46_5_1_hem,39027.9,3.03161,2.53253
UID_H46_6_1_hem-3,30725.5,-0.036921,1.30448
UID_H46_6_2_hem-12,22624.7,-0.0205308,-0.552455
UID_H46_6_3_hem-7,19795.3,0.230879,-0.775426
UID_H46_6_4_hem-10,32253.5,-0.282024,1.23704
UID_H46_7_1_hem-8,47994.5,-1.23782,1.58621
UID_H48_1_1_hem,16286.5,0.595805,-0.510045
UID_H48_10_1_hem-5,41336.4,-0.702005,1.91772
UID_H48_10_2_hem-7,45586.7,-0.854278,3.20952
UID_H48_10_3_hem-4,24010.5,-0.107285,-0.284407
UID_H48_11_1_hem-4,31721,-0.357788,1.23886
UID_H48_14_1_hem-4,30056.2,-0.100361,0.95843
UID_H48_14_2_hem-4,33337,-0.297241,1.09264
UID_H48_14_3_hem-2,16216.5,1.48128,-0.574092
UID_H48_14_4_hem-19,41638.3,-0.409641,3.02116
UID_H48_15_1_hem-12,12923.7,0.821528,-0.517149
UID_H48_15_2_hem-2,22306.2,0.200778,-0.448599
UID_H48_15_3_hem-8,21885.7,0.0732935,-0.449987
UID_H48_15_4_hem-4,25330.4,0.599331,0.257775
UID_H48_16_1_hem,32164.8,-0.225932,0.371985
UID_H48_16_10_hem-4,31677.2,-0.0208966,2.09428
UID_H48_16_11_hem-6,26218.3,-0.301259,-0.418582
UID_H48_16_12_hem-4,23104.3,-0.0864978,-0.711903
UID_H48_16_13_hem-2,23735.1,-0.129859,-0.576023
UID_H48_16_2_hem,24463.6,0.00449583,-0.000395352
UID_H48_16_3_hem-6,31174.4,-0.288718,1.29014
UID_H48_16_4_hem-6,32378.7,-0.387946,1.08952
UID_H48_16_5_hem-2,26300.9,0.348016,1.78875
UID_H48_16_6_hem,31037.8,-0.127526,0.461019
UID_H48_16_7_hem-5,21652.8,0.0874758,-0.385315
UID_H48_16_8_hem-5,23982.2,-0.0948749,-0.407992
UID_H48_16_9_hem-9,34460.9,-0.42783,1.23173
UID_H48_2_1_hem-29,46159.4,-1.19462,1.31384
UID_H48_2_2_hem-4,30224.5,-0.414328,0.15603
UID_H48_2_3_hem-10,30617,-0.362021,0.583107
UID_H48_2_4_hem-4,40400.5,-0.936908,1.06888
UID_H48_2_5_hem-8,41005.5,-0.207119,2.29429
UID_H48_3_1_hem,19549.1,0.131266,-1.07135
UID_H48_4_1_hem-2,492.71,2.2537,-4.33119
UID_H48_6_1_hem,25036.5,-0.0418938,0.632133
UID_H48_6_2_hem-12,9533.71,2.35895,-0.504861
UID_H48_6_3_hem-15,39164.7,-0.44002,2.23299
UID_H48_6_4_hem,23661.6,-0.131379,-0.549319
UID_H48_6_5_hem-4,25784.4,0.50519,1.85905
UID_H48_6_6_hem-4,29682.2,-0.374356,-0.0791853
UID_H48_6_7_hem-15,21641.9,0.0909921,-0.417717
UID_H48_6_8_hem-9,24507.8,-0.10591,-0.254069
UID_H48_6_9_hem-7,34046.3,-0.396286,1.2714
UID_H48_7_1_hem-2,26963.6,-0.223828,-0.111339
UID_H48_7_2_hem-2,21955.2,0.0166763,-0.63011
UID_H48_7_3_hem-3,21513.8,0.0111124,-0.822187
UID_H48_7_4_hem-20,44000.9,-0.784825,1.45427
UID_H48_8_1_hem-17,35206.9,-0.411584,1.66338
UID_H48_9_1_hem-4,29210.6,-0.165519,0.580628
UID_H48_9_2_hem-4,30261.3,-0.439456,0.158484
UID_H48_9_3_hem-2,29671.9,-0.328815,0.391439
UID_H5_1_1_hem-14,37506,-0.870235,0.432101
UID_H5_10_1_hem-10,31993,-0.583579,0.196942
UID_H5_10_2_hem-16,35477.2,-0.45823,0.71038
UID_H5_10_3_hem-17,37908,-0.929734,0.323199
UID_H5_10_4_hem-22,41361.8,-0.952119,1.20088
UID_H5_11_1_hem-14,26476.5,-0.285188,-0.343045
UID_H5_11_2_hem-5,36789.9,-0.801848,0.513105
UID_H5_11_3_hem-10,33233.5,-0.64281,0.0343912
UID_H5_11_4_hem-14,24146.6,-0.180286,-0.581639
UID_H5_12_1_hem-20,36621.5,-0.807718,0.514244
UID_H5_12_2_hem-11,21174.5,-0.0303867,-0.955355
UID_H5_12_3_hem-21,25606.1,-0.282738,-0.606597
UID_H5_12_4_hem-28,36617.8,-0.860364,0.271901
UID_H5_2_1_hem-6,23121.9,-0.169467,-0.900469
UID_H5_2_2_hem-29,38379.4,-0.698039,1.1995
UID_H5_2_3_hem-19,25479.4,-0.292306,-0.614066
UID_H5_3_1_hem-30,43548.6,-1.15482,0.897619
UID_H5_4_1_hem-16,49398,-0.929269,2.30549
UID_H5_5_1_hem-11,38586.9,-0.793197,1.29362
UID_H5_6_1_hem-15,46099.2,-0.994628,1.99629
UID_H5_6_2_hem-10,28367,-0.395106,-0.114372
UID_H5_6_3_hem-12,29673.4,-0.46415,-0.134549
UID_H5_7_1_hem-28,24126.7,-0.233778,-0.816739
UID_H5_7_2_hem-11,24541,-0.223744,-0.686566
UID_H5_8_1_hem-12,27531.4,-0.404426,-0.45264
UID_H5_8_2_hem-4,31719.7,-0.624867,-0.117334
UID_H5_9_1_hem-16,36887.7,-0.860533,0.403005
UID_H5_9_2_hem-14,46051.7,-1.26385,1.00877
UID_H8_1_1_hem-3,25661.4,-0.295487,-0.554409
UID_H8_1_2_hem-13,25238.4,-0.237187,-0.407671
UID_H8_1_3_hem-11,32669.9,-0.697053,-0.0397217
UID_H8_1_4_hem-18,25138.3,-0.156744,-0.454773
UID_H8_1_5_hem-5,25662.7,-0.252667,-0.314247
UID_H8_2_1_hem-8,32234,-0.395874,0.786883
UID_H8_2_2_hem-7,22069.9,-0.103306,-0.977527
UID_H8_2_3_hem-4,28988.8,-0.334109,0.158601
UID_H8_2_4_hem-10,26311.4,-0.335481,-0.57479
UID_H8_3_1_hem-11,34020,-0.695032,0.216255
UID_H8_4_1_hem-13,26326.8,-0.234509,-0.0916712
UID_H8_4_2_hem-16,29820.7,-0.485737,-0.0724334
UID_H8_4_3_hem-16,28178.2,-0.28282,0.198546
UID_H8_4_4_hem-15,28539.1,-0.330841,0.0296623
UID_H8_5_1_hem-10,27818.6,-0.262868,0.388309
UID_H8_5_2_hem-15,34816.7,-0.349139,1.23476
UID_H8_6_1_hem-7,20714.6,3.18146,0.981138
UID_H8_7_1_hem-2,46320,-1.14082,1.23614
UID_H8_7_2_hem-4,40028.7,-0.656456,0.976871
UID_H8_8_1_hem-7,30752.7,-0.506663,0.151685
UID_H9_1_1_hem-11,27512.1,-0.24339,0.140929
UID_H9_1_2_hem-5,25051.3,-0.279719,-0.691232
UID_H9_10_1_hem-20,29165.5,-0.488658,-0.293327
UID_H9_11_1_hem-12,25934.9,-0.313604,-0.552031
UID_H9_12_1_hem-26,44700,-1.09864,1.32656
UID_H9_13_1_hem-22,35309.2,-0.820011,0.106215
UID_H9_15_1_hem-5,31940.6,-0.657771,-0.139292
UID_H9_16_1_hem-5,45689.7,-1.24413,1.07329
UID_H9_16_2_hem-4,39485.1,-0.945081,0.800272
UID_H9_17_1_hem-2,46601.9,-1.32862,0.935982
UID_H9_18_1_hem-3,32371.9,-0.625159,0.137931
UID_H9_19_1_hem-7,38133.2,-0.872784,0.698055
UID_H9_19_2_hem-15,37388,-0.918228,0.311747
UID_H9_2_1_hem-10,27512.5,-0.391989,-0.412209
UID_H9_2_2_hem-13,26072.9,-0.214227,-0.290111
UID_H9_20_1_hem-4,45801.4,-1.26436,1.01381
UID_H9_21_1_hem-5,42832.3,-1.11279,0.80913
UID_H9_21_2_hem-17,48752.4,-1.40724,1.11038
UID_H9_22_1_hem-2,37732.5,-0.792107,0.663784
UID_H9_22_2_hem-17,32710.4,-0.535575,0.532366
UID_H9_23_1_hem-14,45338.5,-1.10184,1.275
UID_H9_23_2_hem-5,41109.6,-0.771903,1.09321
UID_H9_24_1_hem-16,45432.2,-1.21072,1.07662
UID_H9_25_1_hem-6,47825.6,-1.39907,0.911085
UID_H9_26_1_hem-3,41021.2,-0.972057,0.873824
UID_H9_27_1_hem-2,40167,-0.934093,0.882886
UID_H9_29_1_hem-4,32695.5,-0.716188,-0.146835
UID_H9_30_1_hem-3,31728.7,-0.459027,0.45521
UID_H9_31_1_hem-4,47000.2,-1.17828,1.41181
UID_H9_33_1_hem-12,36889.1,-0.849352,0.444244
UID_H9_34_1_hem-6,34363.6,-0.681037,0.358021
UID_H9_34_2_hem-14,35800.9,-0.799605,0.298937
UID_H9_35_1_hem-5,33644.6,-0.402465,0.669524
UID_H9_36_1_hem-3,39489.8,-0.952608,0.754963
UID_H9_36_2_hem-4,29373.8,-0.479738,-0.201835
UID_H9_37_1_hem-2,35468.1,-0.580197,1.04878
UID_H9_4_1_hem-15,27646.3,-0.334925,-0.131505
UID_H9_4_2_hem-10,34281.7,-0.454962,1.13671
UID_H9_5_1_hem-16,33845,-0.647106,0.42294
UID_H9_5_2_hem-6,29736.4,-0.528269,-0.26049
UID_H9_6_1_hem-9,49021.7,-1.32002,1.35287
UID_H9_6_2_hem-11,20646.1,1.64426,0.301819
UID_H9_7_1_hem-10,40089.3,-0.441017,2.57756
UID_H9_8_1_hem-16,38551.1,-0.81052,1.11593
UID_H9_9_1_hem-15,28457.8,-0.363439,-0.179559
UID_H9_9_2_hem-6,26174.8,0.734937,2.4829