Contour,Path Length
UID_13_1_1_all-26,759.533
UID_13_10_2_all-5,666.644
UID_13_11_1_all-8,720.226
UID_13_12_1_all-7,738.715
UID_13_12_2_all-6,712.101
UID_13_12_3_all-10,723.766
UID_13_13_1_all,232.554
UID_13_13_2_all-9,928.181
UID_13_13_3_all-21,1072.27
UID_13_14_1_all-11,749.396
UID_13_14_2_all-11,758.299
UID_13_14_3_all-21,710.932
UID_13_14_4_all-17,1239.07
UID_13_15_1_all-9,749.12
UID_13_17_1_all-8,798.331
UID_13_17_2_all-5,747.054
UID_13_18_1_all,999.377
UID_13_19_1_all-14,694.646
UID_13_20_1_all-5,757.228
UID_13_20_2_all-9,713.353
UID_13_21_1_all-14,800.969
UID_13_21_2_all-6,721.289
UID_13_21_3_all-12,774.855
UID_13_22_1_all-11,641.391
UID_13_23_1_all-3,748.667
UID_13_23_2_all-4,671.918
UID_13_23_3_all-3,683.349
UID_13_23_4_all-3,690.724
UID_13_25_1_all-13,998.818
UID_13_25_2_all-6,661.41
UID_13_25_3_all-3,709.436
UID_13_25_4_all-8,662.545
UID_13_26_1_all-22,770.68
UID_13_26_2_all-6,699.786
UID_13_26_3_all-21,748.765
UID_13_27_1_all-24,741.831
UID_13_27_2_all-4,742.077
UID_13_28_1_all-19,661.695
UID_13_28_2_all-28,637.171
UID_13_28_3_all-14,742.838
UID_13_29_1_all-16,736.019
UID_13_29_2_all-20,697.792
UID_13_29_3_all-21,695.782
UID_13_29_4_all,1651.06
UID_13_3_1_all-2,756.794
UID_13_30_1_all-17,707.112
UID_13_30_2_all-13,702.772
UID_13_30_3_all-21,702.051
UID_13_30_4_all-6,747.423
UID_13_31_1_all-15,704.751
UID_13_31_2_all-12,702.139
UID_13_31_3_all-12,700.707
UID_13_31_4_all-17,724.39
UID_13_32_1_all-11,709.825
UID_13_32_2_all-20,698.972
UID_13_32_3_all-29,795.599
UID_13_33_1_all-9,718.99
UID_13_33_2_all-8,762.76
UID_13_33_3_all-11,1163.96
UID_13_33_4_all-5,766.017
UID_13_34_1_all-21,681.501
UID_13_34_2_all-9,676.599
UID_13_34_3_all-13,737.997
UID_13_35_1_all-7,722.144
UID_13_35_2_all-5,609.825
UID_13_35_3_all-9,657.37
UID_13_36_1_all-4,706.993
UID_13_36_2_all-9,714.373
UID_13_37_1_all-3,775.171
UID_13_37_2_all-10,782.096
UID_13_38_1_all-15,795.522
UID_13_38_2_all-3,720.975
UID_13_38_3_all-14,862.323
UID_13_39_1_all-13,620.965
UID_13_39_2_all-19,702.309
UID_13_39_3_all-11,690.379
UID_13_4_1_all-6,1379.81
UID_13_4_3_all-25,837.349
UID_13_6_1_all-17,667.833
UID_13_7_1_all-2,1177.79
UID_13_7_2_all,1157.63
UID_13_8_1_all-18,1513.92
UID_13_8_2_all-5,731.305
UID_13_8_3_all-3,1296.95
UID_13_9_1_all-8,1080.39
UID_13_9_2_all-9,777.718
UID_13_9_3_all-2,741.192
UID_18_1_1_all-8,1178.23
UID_18_10_1_all-4,569.768
UID_18_10_2_all-16,1308.18
UID_18_13_1_all-5,660.117
UID_18_14_1_all-9,778.93
UID_18_17_1_all,1009.98
UID_18_17_2_all-2,731.365
UID_18_18_1_all-3,691.925
UID_18_18_2_all-4,668.239
UID_18_19_1_all-8,620.917
UID_18_19_2_all-8,777.72
UID_18_19_3_all-16,785.625
UID_18_19_4_all-10,1011.61
UID_18_19_5_all-13,941.151
UID_18_20_1_all-8,974.665
UID_18_20_2_all-17,715.654
UID_18_20_3_all-18,1221.59
UID_18_20_4_all-12,693.948
UID_18_20_5_all-18,1223.25
UID_18_21_1_all-8,1124.83
UID_18_22_1_all-5,732.221
UID_18_22_2_all-9,1076.35
UID_18_23_1_all-5,1284.28
UID_18_23_2_all-6,739.627
UID_18_24_1_all-4,655.407
UID_18_24_2_all-4,636.776
UID_18_24_3_all-14,1344.82
UID_18_25_1_all-5,723.672
UID_18_26_1_all-5,1221.34
UID_18_26_2_all-2,690.984
UID_18_28_1_all-7,1184.77
UID_18_29_1_all-25,678.198
UID_18_29_2_all-5,751.696
UID_18_30_1_all-7,737.258
UID_18_30_2_all-4,686.398
UID_18_31_1_all-2,709.56
UID_18_31_2_all-3,698.275
UID_18_32_1_all-24,777.559
UID_18_32_2_all-19,764.877
UID_18_32_3_all-10,687.605
UID_18_32_4_all-12,668.764
UID_18_32_5_all-14,1172.49
UID_18_33_1_all-9,1511.59
UID_18_33_2_all-18,926.765
UID_18_33_3_all-16,675.286
UID_18_33_4_all-10,692.852
UID_18_34_1_all-18,773.09
UID_18_34_2_all-7,1428.66
UID_18_35_1_all-4,647.598
UID_18_35_2_all-5,666.067
UID_18_35_3_all-4,644.802
UID_18_35_4_all-17,684.118
UID_18_35_5_all-13,660.029
UID_18_35_6_all-16,694.014
UID_18_36_1_all-3,606.133
UID_18_36_2_all-10,667.652
UID_18_36_3_all-10,673.535
UID_18_37_1_all-3,779.578
UID_18_37_2_all-4,647.279
UID_18_37_3_all-4,647.779
UID_18_38_1_all-9,716.14
UID_18_38_2_all-2,639.745
UID_18_38_3_all-4,644.276
UID_18_38_4_all-5,642.778
UID_18_4_1_all-8,1339
UID_18_4_2_all-9,570.272
UID_18_5_1_all-10,1453.93
UID_18_5_2_all-13,758.96
UID_18_5_3_all-15,1398.54
UID_18_6_1_all-18,1187.5
UID_18_8_1_all-27,675.388
UID_18_8_2_all-15,794.675
UID_18_8_3_all-23,695.231
UID_18_9_1_all-10,1206.91
UID_21_1_1_all-15,1331.98
UID_21_1_2_all-10,1662.86
UID_21_1_3_all-8,1110.82
UID_21_10_1_all-15,791.058
UID_21_10_2_all-10,739.469
UID_21_10_3_all-4,626.122
UID_21_10_4_all-16,760.401
UID_21_10_5_all-10,645.859
UID_21_10_6_all-7,1316.12
UID_21_11_1_all-16,1300.81
UID_21_11_2_all-13,684.456
UID_21_12_1_all-12,1200.66
UID_21_12_2_all-11,1360.52
UID_21_13_1_all-18,818.327
UID_21_13_2_all-17,704.442
UID_21_13_3_all-9,653.934
UID_21_13_4_all-12,1511.61
UID_21_13_5_all-26,739.254
UID_21_14_1_all-15,593.324
UID_21_14_2_all-14,709.395
UID_21_14_3_all-16,557.284
UID_21_14_4_all-13,645.467
UID_21_14_5_all-12,623.654
UID_21_15_1_all-14,664.679
UID_21_15_2_all-11,643.631
UID_21_16_1_all-20,1454.44
UID_21_16_2_all-15,1158.04
UID_21_16_3_all-15,696.774
UID_21_18_1_all-15,726.821
UID_21_18_2_all-6,1107.85
UID_21_19_1_all-13,1036.32
UID_21_20_1_all-27,693.082
UID_21_20_2_all-11,604.11
UID_21_21_1_all-24,612.613
UID_21_22_1_all-13,803.637
UID_21_22_2_all-9,645.277
UID_21_22_3_all-25,730.67
UID_21_22_4_all-13,700.473
UID_21_24_1_all-17,937.82
UID_21_25_1_all-3,626.254
UID_21_28_1_all-24,1022.65
UID_21_29_1_all-15,1011.66
UID_21_3_1_all-2,673.561
UID_21_3_2_all-2,716.258
UID_21_30_1_all,1229.33
UID_21_32_1_all-19,803.604
UID_21_32_2_all-4,619.58
UID_21_32_3_all-10,700.74
UID_21_33_1_all-17,808.656
UID_21_34_1_all-5,1188.05
UID_21_34_2_all-6,1264.7
UID_21_35_1_all-5,734.61
UID_21_35_2_all-2,624.975
UID_21_37_1_all-12,645.653
UID_21_37_2_all-12,657.535
UID_21_37_3_all-13,731.077
UID_21_37_4_all-16,716.781
UID_21_37_5_all-21,1258.26
UID_21_37_6_all-8,640.025
UID_21_38_1_all-13,654.409
UID_21_38_2_all-19,667.961
UID_21_38_3_all-8,623.801
UID_21_38_4_all-12,701.39
UID_21_38_5_all-13,632.882
UID_21_4_1_all-5,656.747
UID_21_4_2_all-2,697.893
UID_21_4_3_all-6,726.341
UID_21_5_1_all,1185.97
UID_21_5_2_all-2,687.477
UID_21_6_1_all-6,719.843
UID_21_6_2_all-2,665.424
UID_21_8_1_all-5,1127.93
UID_21_8_2_all-4,638.607
UID_21_8_3_all-12,854.799
UID_21_9_1_all-28,851.562
UID_21_9_2_all-13,826.325
UID_21_9_3_all-20,1302.66
UID_21_9_4_all-14,667.16
UID_21_9_5_all-21,652.407
UID_24_1_1_all-2,583.823
UID_24_1_2_all-9,672.102
UID_24_1_3_all-11,588.431
UID_24_1_4_all-4,960.308
UID_24_1_5_all-26,618.144
UID_24_1_6_all-12,578.396
UID_24_1_7_all-22,578.824
UID_24_10_1_all-2,495.532
UID_24_10_2_all-12,604.828
UID_24_10_3_all-16,604.927
UID_24_10_4_all-17,541.652
UID_24_10_5_all-15,589.671
UID_24_11_1_all-3,572.019
UID_24_11_2_all-2,533.375
UID_24_11_3_all-7,569.915
UID_24_11_4_all-3,578.288
UID_24_11_5_all-2,546.55
UID_24_11_6_all-24,631.565
UID_24_12_1_all-2,1014.48
UID_24_12_2_all-11,638.745
UID_24_13_1_all-6,572.527
UID_24_13_2_all-3,611.336
UID_24_13_3_all-18,686.681
UID_24_13_4_all-5,591.645
UID_24_14_1_all-2,957.216
UID_24_14_2_all-3,594.567
UID_24_14_3_all-30,1258.48
UID_24_15_1_all-3,535.081
UID_24_15_2_all-4,1044.01
UID_24_15_3_all-2,545.7
UID_24_15_4_all-5,564.945
UID_24_15_5_all-15,599.665
UID_24_16_1_all-31,825.141
UID_24_16_2_all-15,675.452
UID_24_16_3_all-6,581.853
UID_24_16_4_all-3,592.774
UID_24_16_5_all-8,635.05
UID_24_17_1_all-4,965.712
UID_24_17_2_all-7,588.204
UID_24_17_3_all-10,591.542
UID_24_17_4_all-3,543.021
UID_24_17_5_all-3,522.059
UID_24_17_6_all-8,587.325
UID_24_17_7_all-9,531.597
UID_24_18_1_all-3,585.103
UID_24_18_2_all-13,583.486
UID_24_18_3_all-13,672.772
UID_24_19_1_all-6,622.997
UID_24_19_2_all-2,491.136
UID_24_19_3_all-21,528.229
UID_24_2_1_all-8,585.552
UID_24_2_2_all-8,708.065
UID_24_2_3_all-13,606.307
UID_24_2_4_all-7,569.93
UID_24_20_1_all-15,598.077
UID_24_20_2_all-2,499.841
UID_24_21_1_all-14,543.752
UID_24_21_2_all-10,521.192
UID_24_21_3_all-3,495.98
UID_24_21_4_all-9,1357.81
UID_24_22_1_all-2,506.025
UID_24_22_2_all-4,508.519
UID_24_23_1_all-2,511.059
UID_24_23_2_all-4,549.188
UID_24_23_3_all-6,590.473
UID_24_23_4_all-33,595.477
UID_24_24_1_all-2,509.359
UID_24_24_2_all-4,597.162
UID_24_24_3_all-24,610.484
UID_24_24_4_all-28,672.64
UID_24_24_5_all-16,628.527
UID_24_24_6_all-36,589.423
UID_24_25_1_all-6,503.824
UID_24_25_2_all-36,611.672
UID_24_26_1_all-13,552.955
UID_24_26_2_all-4,440.51
UID_24_26_3_all-29,641.477
UID_24_26_4_all-24,552.884
UID_24_26_5_all-27,646.671
UID_24_27_1_all-14,508.442
UID_24_27_2_all-21,512.781
UID_24_28_1_all-2,529.718
UID_24_28_2_all-10,505.764
UID_24_28_3_all-21,617.86
UID_24_28_4_all-13,504.926
UID_24_28_5_all-19,578.31
UID_24_29_1_all-7,588.516
UID_24_29_2_all-2,601.16
UID_24_29_3_all-6,566.117
UID_24_29_4_all-12,537.531
UID_24_29_5_all-15,567.668
UID_24_3_1_all-14,673.993
UID_24_3_2_all-12,545.796
UID_24_3_3_all-7,617.182
UID_24_3_4_all-6,523.225
UID_24_30_1_all-8,591.378
UID_24_30_2_all-2,485.159
UID_24_30_3_all-20,759.951
UID_24_30_4_all-3,511.108
UID_24_30_5_all-15,569.942
UID_24_31_1_all-24,696.591
UID_24_31_2_all-18,617.676
UID_24_31_3_all-30,669.808
UID_24_31_4_all-23,653.586
UID_24_31_5_all-31,754.831
UID_24_31_6_all-24,600.817
UID_24_31_7_all-18,647.348
UID_24_32_1_all-3,621.99
UID_24_32_2_all-15,646.806
UID_24_32_3_all-13,668.785
UID_24_32_4_all-25,673.921
UID_24_33_1_all-23,686.185
UID_24_33_2_all-9,690.736
UID_24_33_3_all-15,668.431
UID_24_33_4_all-18,762.91
UID_24_33_5_all-17,565.594
UID_24_34_1_all-2,530.142
UID_24_34_2_all-16,643.782
UID_24_34_3_all-3,550.676
UID_24_34_4_all-4,599.114
UID_24_34_5_all-4,577.309
UID_24_34_6_all-39,783.715
UID_24_34_7_all-8,589.175
UID_24_34_8_all-2,932.301
UID_24_34_9_all-6,606.603
UID_24_35_1_all-20,650.618
UID_24_35_2_all-2,541.927
UID_24_35_3_all-16,621.899
UID_24_4_1_all-4,523.969
UID_24_4_2_all-17,571.787
UID_24_4_3_all-10,553.808
UID_24_5_1_all-10,628.78
UID_24_5_2_all-2,694.337
UID_24_5_3_all-5,565.225
UID_24_5_4_all-8,712.485
UID_24_5_5_all-3,560.56
UID_24_5_6_all-24,622.271
UID_24_6_1_all-15,685.075
UID_24_6_2_all-2,934.409
UID_24_6_3_all-6,591.48
UID_24_6_4_all-10,1304.46
UID_24_7_1_all-3,574.817
UID_24_8_1_all-13,593.385
UID_24_8_10_all-18,536.318
UID_24_8_11_all-6,617.028
UID_24_8_12_all-26,720.683
UID_24_8_13_all-24,553.295
UID_24_8_2_all-3,525.354
UID_24_8_3_all-3,501.2
UID_24_8_4_all-17,622.405
UID_24_8_5_all-23,566.547
UID_24_8_6_all-20,599.967
UID_24_8_7_all-13,531.623
UID_24_8_8_all-19,569.747
UID_24_8_9_all-21,571.273
UID_24_9_1_all-13,564.105
UID_24_9_2_all-2,505.781
UID_24_9_3_all-3,578.96
UID_24_9_4_all-6,535.626
UID_24_9_5_all-20,698.907
UID_24_9_6_all-25,734.258
UID_25_1_1_all-13,1066.38
UID_25_1_2_all-9,1183.61
UID_25_1_3_all-21,641.351
UID_25_1_4_all-19,1245.45
UID_25_1_5_all-14,599.372
UID_25_10_1_all-7,590.927
UID_25_10_2_all-36,795.111
UID_25_10_3_all-4,585.575
UID_25_10_4_all-2,547.716
UID_25_10_5_all-13,643.895
UID_25_10_6_all-21,586.296
UID_25_10_7_all-15,586.4
UID_25_10_8_all-6,597.389
UID_25_11_1_all-6,600.556
UID_25_11_2_all-24,761.339
UID_25_11_3_all-21,641.555
UID_25_11_4_all-35,797.388
UID_25_11_5_all-2,549.502
UID_25_12_1_all-2,580.962
UID_25_12_2_all-23,647.39
UID_25_12_3_all-2,563.376
UID_25_12_4_all-10,598.85
UID_25_12_5_all-24,639.003
UID_25_12_6_all-20,610.134
UID_25_12_7_all-15,626.022
UID_25_13_1_all-17,661.399
UID_25_13_2_all-23,810.755
UID_25_13_3_all-20,631.25
UID_25_14_1_all-4,631.963
UID_25_14_2_all-26,641.915
UID_25_14_3_all-5,592.401
UID_25_14_5_all-16,810.158
UID_25_14_6_all-26,648.271
UID_25_14_7_all-7,594.9
UID_25_15_1_all-37,769.218
UID_25_15_2_all-15,679.555
UID_25_15_3_all-9,606.001
UID_25_15_4_all-10,605.67
UID_25_15_5_all-20,681.704
UID_25_15_6_all-9,587.637
UID_25_15_7_all-22,699.016
UID_25_16_1_all-16,664.176
UID_25_16_2_all-15,1004.29
UID_25_16_3_all-11,625.547
UID_25_16_4_all-11,683.334
UID_25_16_5_all-26,700.818
UID_25_17_1_all-17,711.015
UID_25_17_2_all-13,627.121
UID_25_17_3_all-8,611.686
UID_25_17_4_all-6,598.35
UID_25_18_1_all-7,1043.91
UID_25_18_2_all-13,1223.26
UID_25_18_3_all-13,618.775
UID_25_18_4_all-13,708.683
UID_25_19_1_all-5,602.701
UID_25_19_2_all-17,660.212
UID_25_19_3_all-8,1061.25
UID_25_2_1_all-4,1119.43
UID_25_2_2_all-18,1284.7
UID_25_2_3_all-20,1229.41
UID_25_2_4_all-13,1172.3
UID_25_20_1_all-8,552.977
UID_25_20_2_all-11,623.903
UID_25_20_3_all-20,588.733
UID_25_20_4_all-13,678.641
UID_25_20_5_all-17,569.489
UID_25_20_6_all-24,713.579
UID_25_20_7_all-18,636.651
UID_25_21_1_all-11,606.399
UID_25_21_2_all-2,548.208
UID_25_21_3_all-11,582.103
UID_25_21_4_all-16,632.295
UID_25_21_5_all-7,551.873
UID_25_21_6_all-22,729.295
UID_25_21_7_all-8,616.672
UID_25_22_1_all-14,1076.62
UID_25_22_2_all-17,597.824
UID_25_23_1_all-15,610.938
UID_25_23_2_all-3,602.045
UID_25_23_3_all-10,626.832
UID_25_23_4_all-18,657.232
UID_25_23_5_all-8,614.204
UID_25_23_6_all-8,585.773
UID_25_24_1_all-15,617.731
UID_25_24_2_all-21,606.19
UID_25_25_1_all-3,585.446
UID_25_25_2_all-19,835.823
UID_25_26_1_all-13,1168.3
UID_25_26_2_all-2,1031.59
UID_25_26_3_all-14,621.77
UID_25_26_4_all-18,1330.67
UID_25_26_5_all-6,1032.55
UID_25_26_6_all-19,653.663
UID_25_27_1_all-5,677.865
UID_25_28_1_all-13,724.263
UID_25_29_1_all-4,682.753
UID_25_29_2_all-25,785.008
UID_25_3_1_all-13,672.159
UID_25_3_2_all-7,1074.26
UID_25_3_3_all-10,619.337
UID_25_3_4_all-13,693.867
UID_25_30_1_all-17,686.274
UID_25_30_2_all-18,667.675
UID_25_30_3_all-16,1063.24
UID_25_30_4_all-13,1035.52
UID_25_31_1_all-7,608.381
UID_25_31_2_all-3,1086.38
UID_25_31_3_all-11,1042.39
UID_25_31_4_all-12,710.995
UID_25_32_1_all-4,630.846
UID_25_32_2_all-5,613.1
UID_25_32_3_all-3,599.683
UID_25_33_1_all-8,763.796
UID_25_33_2_all-2,918.74
UID_25_33_3_all-11,629.298
UID_25_33_4_all-8,685.833
UID_25_33_5_all-19,706.017
UID_25_34_1_all-26,638.064
UID_25_34_2_all-22,1359.23
UID_25_34_3_all-19,648.267
UID_25_34_4_all-21,755.535
UID_25_35_1_all-2,1021.65
UID_25_35_2_all-24,649.954
UID_25_35_3_all-10,585.031
UID_25_35_4_all-28,759.211
UID_25_36_2_all-6,1002.38
UID_25_36_3_all-3,581.911
UID_25_37_1_all-25,1555.46
UID_25_37_2_all-6,997.99
UID_25_37_3_all-12,738.255
UID_25_37_4_all-12,684.836
UID_25_4_1_all,936.581
UID_25_4_2_all-4,557.778
UID_25_4_3_all-3,599.423
UID_25_4_4_all-9,677.101
UID_25_4_5_all-5,586.937
UID_25_4_6_all,917.661
UID_25_4_7_all-9,588.882
UID_25_4_8_all-16,1353.92
UID_25_5_1_all-6,633.392
UID_25_5_10_all-2,919.641
UID_25_5_2_all-2,584.393
UID_25_5_3_all-8,588.03
UID_25_5_4_all-7,586.718
UID_25_5_5_all-11,625.197
UID_25_5_6_all-8,603.499
UID_25_5_7_all-6,589.18
UID_25_5_8_all-3,553.67
UID_25_5_9_all-2,549.248
UID_25_6_1_all-5,647.616
UID_25_6_2_all-8,678.225
UID_25_6_3_all-13,661.116
UID_25_6_4_all-4,609.7
UID_25_6_5_all-9,559.528
UID_25_6_6_all-13,594.289
UID_25_6_7_all-7,635.123
UID_25_6_8_all-30,780.772
UID_25_7_1_all-5,585.762
UID_25_7_2_all-30,945.457
UID_25_7_3_all-4,582.22
UID_25_7_4_all-2,536.892
UID_25_7_5_all-10,627.236
UID_25_7_6_all-3,550.293
UID_25_7_7_all-21,596.805
UID_25_8_1_all-16,574.399
UID_25_8_2_all-3,507.416
UID_25_8_3_all-23,579.527
UID_25_8_4_all-21,723.707
UID_25_8_5_all-2,506.355
UID_25_9_1_all-7,594.426
UID_25_9_2_all-14,907.016
UID_25_9_3_all-17,1224.64
UID_25_9_4_all-29,673.67
UID_25_9_5_all-6,580.168
UID_25_9_6_all-8,613.097
UID_25_9_7_all-12,552.726
UID_27_1_1_all-17,603.79
UID_27_1_2_all-7,1105.17
UID_27_1_3_all-17,626.321
UID_27_1_4_all-3,534.744
UID_27_1_5_all-16,615.951
UID_27_1_6_all-21,605.825
UID_27_1_7_all-3,574.314
UID_27_1_8_all-14,558.616
UID_27_10_1_all-16,536.932
UID_27_10_2_all-5,597.262
UID_27_10_3_all-8,618.626
UID_27_10_4_all-18,576.956
UID_27_10_5_all-24,595.072
UID_27_10_6_all-13,566.268
UID_27_10_7_all-5,571.919
UID_27_11_1_all-24,620.126
UID_27_12_1_all-2,503.933
UID_27_12_2_all-16,639.353
UID_27_12_3_all-7,567.574
UID_27_13_1_all-16,667.565
UID_27_13_2_all-10,628.756
UID_27_13_3_all-2,533.53
UID_27_13_4_all-4,555.255
UID_27_13_5_all-3,539.358
UID_27_14_1_all-13,748.13
UID_27_14_2_all-19,613.119
UID_27_14_3_all-5,581.452
UID_27_14_4_all-5,552.84
UID_27_14_5_all-14,586.893
UID_27_14_6_all-7,583.681
UID_27_14_7_all-21,872.071
UID_27_14_8_all-2,542.448
UID_27_15_1_all-27,765.594
UID_27_15_2_all-18,681.412
UID_27_15_3_all-18,784.804
UID_27_16_1_all-16,670.789
UID_27_16_2_all-16,662.995
UID_27_16_3_all-22,581.889
UID_27_16_4_all-29,753.871
UID_27_16_5_all-7,579.922
UID_27_16_6_all-15,627.127
UID_27_16_7_all-19,602.24
UID_27_16_8_all-27,585.316
UID_27_17_1_all-14,570.346
UID_27_17_2_all-16,678.803
UID_27_17_3_all-28,782.754
UID_27_18_1_all-4,636.658
UID_27_18_2_all-7,619.879
UID_27_18_3_all-31,821.508
UID_27_19_1_all-2,560.629
UID_27_19_2_all-3,560.362
UID_27_19_3_all-4,576.105
UID_27_19_4_all-26,728.551
UID_27_2_1_all-2,549.367
UID_27_2_2_all-9,590.84
UID_27_2_3_all-5,650.768
UID_27_2_4_all-18,685.387
UID_27_20_1_all-18,618.254
UID_27_20_2_all-7,597.518
UID_27_20_3_all-5,585.768
UID_27_21_1_all-18,637.428
UID_27_21_2_all-6,632.805
UID_27_21_3_all-22,616.874
UID_27_21_4_all-6,616.406
UID_27_22_1_all-9,700.892
UID_27_22_2_all-25,744.297
UID_27_22_3_all-8,566.699
UID_27_22_4_all-10,548.36
UID_27_23_1_all-19,749.117
UID_27_23_2_all-4,583.038
UID_27_23_3_all-4,569.839
UID_27_24_1_all-3,620.18
UID_27_24_2_all-3,558.108
UID_27_24_3_all-22,738.028
UID_27_24_4_all-4,683.483
UID_27_24_5_all-24,696.924
UID_27_25_1_all-2,587.832
UID_27_25_2_all-17,636.282
UID_27_25_3_all-5,613.505
UID_27_25_4_all-7,572.174
UID_27_25_5_all-10,627.845
UID_27_25_6_all-13,589.34
UID_27_25_7_all-7,657.544
UID_27_26_1_all-10,596.989
UID_27_26_2_all-24,802.48
UID_27_26_3_all-12,659.522
UID_27_26_4_all-16,607.998
UID_27_27_1_all-2,974.171
UID_27_27_2_all-11,553.072
UID_27_27_3_all-25,623.198
UID_27_27_4_all-24,674.14
UID_27_27_5_all-10,581.175
UID_27_28_1_all-17,643.822
UID_27_28_2_all-16,585.903
UID_27_28_3_all-17,627.043
UID_27_28_4_all-7,570.498
UID_27_29_1_all-8,552.147
UID_27_29_2_all-16,640.353
UID_27_29_3_all-7,567.121
UID_27_29_4_all-11,590.812
UID_27_29_5_all-23,544.858
UID_27_29_6_all-17,569.216
UID_27_29_7_all-8,617.212
UID_27_3_1_all-4,1312.15
UID_27_3_2_all-13,1428.77
UID_27_3_3_all-14,637.112
UID_27_3_4_all-21,694.906
UID_27_3_5_all-19,636.298
UID_27_30_1_all-9,567.511
UID_27_30_2_all-20,701.509
UID_27_30_3_all-3,570.829
UID_27_30_4_all-19,681.764
UID_27_30_5_all-17,578.842
UID_27_31_1_all-19,1343.62
UID_27_31_2_all-16,635.19
UID_27_31_3_all-13,591.947
UID_27_31_4_all-17,749.499
UID_27_31_5_all-24,634.805
UID_27_31_6_all-13,908.749
UID_27_31_7_all-8,617.223
UID_27_32_1_all-12,595.153
UID_27_32_2_all-29,744.145
UID_27_32_3_all-22,629.187
UID_27_32_4_all-2,679.523
UID_27_32_5_all-11,565.47
UID_27_32_6_all-13,577.318
UID_27_33_1_all-19,607.121
UID_27_33_2_all-34,779.197
UID_27_33_3_all-9,608.616
UID_27_33_4_all-11,610.654
UID_27_33_5_all-9,608.071
UID_27_33_6_all-22,650.365
UID_27_34_1_all-5,635.353
UID_27_34_2_all-3,625.971
UID_27_34_3_all-3,572.877
UID_27_34_4_all-12,941.893
UID_27_34_5_all-31,793.86
UID_27_34_6_all-2,539.437
UID_27_34_7_all-9,1052.94
UID_27_34_8_all-3,915.554
UID_27_4_1_all-12,583.119
UID_27_4_2_all-16,562.207
UID_27_4_3_all-9,516.3
UID_27_4_4_all-19,582.416
UID_27_4_5_all-26,631.476
UID_27_4_6_all-5,535.718
UID_27_4_7_all-3,486.83
UID_27_5_1_all-11,608.268
UID_27_5_2_all-2,934.012
UID_27_5_3_all-8,611.218
UID_27_5_4_all-19,614.848
UID_27_5_5_all-10,597.101
UID_27_5_6_all-6,563.58
UID_27_5_7_all-6,804.515
UID_27_5_8_all-3,534.12
UID_27_6_1_all-15,677.999
UID_27_6_2_all,954.776
UID_27_6_3_all-8,579.198
UID_27_6_4_all-12,669.446
UID_27_7_1_all-14,1099.6
UID_27_7_2_all-2,1024.65
UID_27_7_3_all-4,528.473
UID_27_7_4_all-40,813.327
UID_27_7_5_all-21,668.438
UID_27_7_6_all-12,566.255
UID_27_8_1_all-4,545.072
UID_27_8_2_all-5,507.943
UID_27_8_3_all-7,494.3
UID_27_8_4_all-4,500.332
UID_27_8_5_all-17,648.06
UID_27_8_6_all-35,632.693
UID_27_8_7_all-23,599.162
UID_27_8_8_all-22,628.218
UID_27_9_1_all-7,622.314
UID_27_9_2_all-22,614.879
UID_27_9_3_all-23,599.835
UID_27_9_4_all-5,516.862
UID_27_9_5_all-21,681.125
UID_31_1_1_all-13,637.946
UID_31_1_2_all-26,792.451
UID_31_10_1_all-7,709.547
UID_31_11_1_all-5,775.62
UID_31_11_2_all-8,655.303
UID_31_11_3_all-14,728.708
UID_31_12_1_all-3,639.368
UID_31_12_2_all-2,730.752
UID_31_13_1_all-5,743.936
UID_31_14_1_all-4,652.643
UID_31_14_2_all-9,746.8
UID_31_14_3_all-14,667.014
UID_31_15_1_all-6,1435.9
UID_31_15_2_all-6,731.006
UID_31_15_3_all-8,811.586
UID_31_15_4_all-9,645.842
UID_31_16_1_all-4,678.936
UID_31_16_2_all-26,930.804
UID_31_16_3_all-23,710.06
UID_31_16_4_all-4,652.85
UID_31_16_5_all-8,760.974
UID_31_17_1_all-7,661.727
UID_31_17_2_all-4,678.874
UID_31_18_1_all-9,578.708
UID_31_18_2_all-5,582.458
UID_31_18_3_all-7,599.107
UID_31_18_4_all-3,655.24
UID_31_18_5_all-15,628.742
UID_31_19_1_all-5,732.459
UID_31_19_2_all-12,688.562
UID_31_19_3_all-18,667.273
UID_31_19_4_all-5,719.252
UID_31_19_5_all-15,723.139
UID_31_2_1_all-3,779.416
UID_31_2_2_all-2,708.196
UID_31_20_1_all-4,1282.41
UID_31_20_2_all-4,688.894
UID_31_20_3_all-5,593.133
UID_31_20_4_all-2,608.636
UID_31_20_5_all-16,692.596
UID_31_20_6_all-3,1061.44
UID_31_21_1_all-4,704.839
UID_31_21_2_all-21,784.037
UID_31_22_1_all-16,664.54
UID_31_22_2_all-14,829.879
UID_31_22_3_all-16,809.819
UID_31_22_4_all-11,622.297
UID_31_23_1_all-11,762.686
UID_31_23_2_all-9,719.052
UID_31_23_3_all-24,819.231
UID_31_23_4_all-17,662.941
UID_31_24_1_all-7,700.742
UID_31_24_2_all-5,784.275
UID_31_24_3_all-5,686.894
UID_31_24_4_all-11,652.331
UID_31_24_5_all-15,705.728
UID_31_24_6_all-23,745.824
UID_31_25_1_all-17,796.859
UID_31_25_2_all-8,762.276
UID_31_25_3_all-11,661.686
UID_31_26_1_all-5,648.435
UID_31_26_2_all-7,694.958
UID_31_27_1_all-17,791.965
UID_31_27_2_all-8,687.681
UID_31_27_3_all-8,754.793
UID_31_28_1_all-13,576.526
UID_31_29_1_all-24,640.797
UID_31_29_2_all-24,716.997
UID_31_29_3_all-16,644.658
UID_31_29_4_all-8,671.595
UID_31_29_5_all-6,689.413
UID_31_29_6_all-11,616.585
UID_31_3_1_all-6,805.272
UID_31_30_1_all-15,930.758
UID_31_30_2_all-19,1281.6
UID_31_30_3_all-17,652.184
UID_31_30_4_all-9,712.528
UID_31_31_1_all-3,606.669
UID_31_31_2_all-12,671.282
UID_31_31_3_all-10,682.892
UID_31_31_4_all-7,654.703
UID_31_32_1_all-5,581.146
UID_31_32_2_all-11,767.442
UID_31_32_3_all-17,962.057
UID_31_32_4_all-7,889.223
UID_31_32_5_all-6,154.977
UID_31_34_1_all-4,565.514
UID_31_34_2_all-12,733.178
UID_31_34_3_all-7,584.19
UID_31_34_4_all-8,640.124
UID_31_36_1_all-10,654.842
UID_31_36_2_all-10,676.071
UID_31_36_3_all-15,632.544
UID_31_36_4_all-9,755.48
UID_31_37_1_all-18,636.458
UID_31_37_2_all-34,771.291
UID_31_37_3_all-11,639.451
UID_31_37_4_all-12,607.978
UID_31_38_1_all-29,781.59
UID_31_38_2_all-14,797.433
UID_31_4_1_all-21,726.125
UID_31_5_1_all-5,634.339
UID_31_5_2_all-11,712.136
UID_31_5_3_all-3,675.361
UID_31_5_4_all-3,635.76
UID_31_6_1_all-11,1638.97
UID_31_8_1_all-3,977.876
UID_31_9_1_all-11,721.214
UID_31_9_2_all-10,697.66
UID_31_9_3_all-11,620.11
UID_31_9_4_all-14,705.945
UID_36_1_1_all-21,592.739
UID_36_1_2_all-16,1219.24
UID_36_1_3_all-25,686.871
UID_36_2_1_all-16,702.328
UID_36_2_2_all-23,1501.53
UID_36_3_1_all-23,683.86
UID_36_3_2_all-7,595.083
UID_36_3_3_all-13,653.403
UID_36_3_4_all-7,1061.4
UID_36_3_5_all-5,1187.07
UID_36_3_6_all-36,1399.03
UID_36_3_7_all-35,711.831
UID_36_3_8_all-39,789.887
UID_36_3_9_all-10,694.441
UID_36_4_1_all-19,1164.53
UID_36_4_2_all-20,590.788
UID_36_4_3_all-35,1577.78
UID_36_5_1_all-25,729.908
UID_36_5_2_all-5,1053.13
UID_36_5_3_all-29,807.195
UID_36_5_4_all-20,692.61
UID_36_5_5_all-23,622.452
UID_36_6_1_all-20,624.795
UID_36_6_2_all-31,819.742
UID_36_6_3_all-22,1599.22
UID_36_6_4_all-21,670.547
UID_36_6_5_all-22,614.485
UID_36_6_6_all-14,953.064
UID_36_7_1_all-20,625.603
UID_36_7_2_all-17,1715.92
UID_36_7_3_all-19,1315.95
UID_36_7_4_all-28,614.769
UID_36_7_5_all-17,1283.92
UID_36_7_6_all-11,940.479
UID_36_7_7_all-7,1169.37
UID_37_1_1_all-14,1461.41
UID_37_1_10_all-13,567.694
UID_37_1_11_all-32,688.383
UID_37_1_12_all-14,627.61
UID_37_1_13_all-29,715.983
UID_37_1_14_all-12,1191.5
UID_37_1_15_all-6,853.197
UID_37_1_16_all-16,676.451
UID_37_1_17_all-12,537.888
UID_37_1_18_all-17,1177.17
UID_37_1_2_all-31,1366.68
UID_37_1_3_all-36,967.787
UID_37_1_4_all-23,590.013
UID_37_1_5_all-21,688.382
UID_37_1_6_all-23,1312.69
UID_37_1_7_all-14,1396.47
UID_37_1_8_all-14,615.841
UID_37_1_9_all-27,671.008
UID_37_10_1_all-17,1146.5
UID_37_10_2_all-33,829.506
UID_37_10_3_all-19,690.343
UID_37_10_4_all-14,1165.74
UID_37_10_5_all-18,673.969
UID_37_10_6_all-5,525.122
UID_37_10_7_all-22,1249.52
UID_37_11_1_all-4,1456.55
UID_37_11_10_all-17,561.692
UID_37_11_11_all-12,686.273
UID_37_11_12_all-23,648.278
UID_37_11_13_all-13,531.619
UID_37_11_14_all-25,1620.15
UID_37_11_15_all-18,564.257
UID_37_11_16_all-13,537.855
UID_37_11_17_all-10,619.906
UID_37_11_18_all-23,688.098
UID_37_11_19_all-13,590.59
UID_37_11_2_all-15,1284.83
UID_37_11_3_all-12,1113.44
UID_37_11_4_all-11,688.186
UID_37_11_5_all-28,714.282
UID_37_11_6_all-18,693.808
UID_37_11_7_all-22,601.289
UID_37_11_8_all-16,1561.38
UID_37_11_9_all-22,581.203
UID_37_13_1_all-12,656.134
UID_37_13_2_all-15,1024.65
UID_37_14_1_all-26,712.781
UID_37_14_2_all-13,607.554
UID_37_14_3_all-26,615.414
UID_37_15_1_all-22,603.8
UID_37_15_10_all-21,1283.41
UID_37_15_11_all-5,628.925
UID_37_15_2_all-7,551.816
UID_37_15_3_all-11,683.806
UID_37_15_4_all-13,614.993
UID_37_15_5_all-17,639.938
UID_37_15_6_all-10,699.68
UID_37_15_7_all-2,1117.54
UID_37_15_8_all-3,827.016
UID_37_15_9_all-18,559.718
UID_37_16_1_all-15,741.954
UID_37_16_2_all-13,534.181
UID_37_16_3_all-31,700.866
UID_37_16_4_all-15,561.719
UID_37_16_5_all-23,600.96
UID_37_16_6_all-18,520.365
UID_37_17_1_all-8,1246.65
UID_37_17_10_all-13,1100.37
UID_37_17_11_all-17,544.975
UID_37_17_12_all-13,937.289
UID_37_17_2_all-3,1007.62
UID_37_17_3_all-21,943.155
UID_37_17_4_all-18,687.029
UID_37_17_5_all-11,1040.87
UID_37_17_6_all-14,1528.13
UID_37_17_7_all-18,631.958
UID_37_17_8_all-19,670.502
UID_37_17_9_all-15,751.434
UID_37_18_1_all-13,734.475
UID_37_18_2_all-11,655.966
UID_37_18_3_all-44,663.272
UID_37_18_4_all-23,584.367
UID_37_18_5_all-13,559.278
UID_37_19_1_all-4,971.299
UID_37_2_1_all-26,1207.28
UID_37_2_2_all-15,717.508
UID_37_2_3_all-29,757.388
UID_37_2_4_all-26,1377.47
UID_37_20_1_all-14,1231.12
UID_37_20_2_all-4,1019.79
UID_37_20_3_all-14,726.393
UID_37_20_4_all-30,607.815
UID_37_20_5_all-15,544.912
UID_37_20_6_all-21,722.944
UID_37_21_1_all-15,547.742
UID_37_21_2_all-12,685.896
UID_37_21_3_all-17,625.801
UID_37_21_4_all-26,689.714
UID_37_21_5_all-12,587.593
UID_37_21_6_all-15,638.825
UID_37_21_7_all-11,573.169
UID_37_21_8_all-12,1092.17
UID_37_22_1_all-9,667.281
UID_37_22_2_all-25,617.49
UID_37_22_3_all-12,575.849
UID_37_22_4_all-24,1510.72
UID_37_22_5_all-35,692.979
UID_37_23_1_all-20,607.407
UID_37_23_2_all-13,1098.71
UID_37_23_3_all-21,773.171
UID_37_23_4_all-26,568.522
UID_37_23_5_all-21,610.705
UID_37_23_6_all-19,1232.07
UID_37_23_7_all-18,995.54
UID_37_24_1_all-29,1020.94
UID_37_24_2_all-17,594.045
UID_37_24_3_all-22,717.427
UID_37_24_4_all-21,1422.73
UID_37_24_5_all-17,597.353
UID_37_24_6_all-28,624.653
UID_37_24_7_all-8,658.888
UID_37_24_8_all-10,563.725
UID_37_25_1_all-10,1071.81
UID_37_25_10_all-20,828.141
UID_37_25_11_all-25,1683.71
UID_37_25_12_all-8,536.339
UID_37_25_13_all-20,604.601
UID_37_25_2_all-22,1359.62
UID_37_25_3_all-2,179.723
UID_37_25_4_all-16,1161.28
UID_37_25_5_all-11,533.678
UID_37_25_6_all-9,1258.82
UID_37_25_7_all-23,646.689
UID_37_25_8_all-11,1108.22
UID_37_25_9_all-20,656.901
UID_37_26_1_all-7,604.078
UID_37_26_2_all-25,616.085
UID_37_26_3_all-21,569.772
UID_37_26_4_all-26,1187.07
UID_37_26_5_all-3,939.126
UID_37_27_1_all-17,626.135
UID_37_27_2_all-11,556.538
UID_37_27_3_all-24,730.016
UID_37_28_1_all-24,845.099
UID_37_28_2_all-24,570.438
UID_37_28_3_all-19,547.498
UID_37_28_4_all-12,617.47
UID_37_3_1_all-22,555.886
UID_37_3_2_all-12,557.74
UID_37_3_3_all-20,582.067
UID_37_3_4_all-44,761.244
UID_37_3_5_all-13,1077.64
UID_37_3_6_all-22,596.065
UID_37_3_7_all-36,756.079
UID_37_3_8_all-20,589.049
UID_37_3_9_all-16,568.429
UID_37_4_1_all-16,727.442
UID_37_4_10_all-15,568.851
UID_37_4_2_all-14,615.094
UID_37_4_3_all-9,1172.16
UID_37_4_4_all-32,780.59
UID_37_4_5_all-8,498.961
UID_37_4_6_all-21,654.115
UID_37_4_7_all-21,752.85
UID_37_4_8_all-14,559.185
UID_37_4_9_all-17,1462.09
UID_37_5_1_all-29,1109.99
UID_37_5_2_all-34,1600.71
UID_37_6_1_all-13,519.283
UID_37_6_2_all-11,542.068
UID_37_6_3_all-27,639.181
UID_37_6_4_all-32,679.274
UID_37_7_1_all-14,1137.34
UID_37_7_10_all-9,1161.25
UID_37_7_11_all-10,1114.85
UID_37_7_12_all-14,536.742
UID_37_7_13_all-7,958.623
UID_37_7_2_all-25,735.18
UID_37_7_3_all-20,1336.4
UID_37_7_4_all-13,1120.28
UID_37_7_5_all-20,618.024
UID_37_7_6_all-10,761.919
UID_37_7_7_all-15,555.525
UID_37_7_8_all-7,537.358
UID_37_7_9_all-17,601.798
UID_37_8_1_all-14,586.136
UID_37_8_2_all-10,567.529
UID_37_8_3_all-13,676.087
UID_37_8_4_all-15,649.154
UID_37_8_5_all-8,116.076
UID_37_8_6_all-17,604.328
UID_37_8_7_all-8,590.404
UID_37_9_1_all-21,558.652
UID_37_9_2_all-14,579.046
UID_37_9_3_all-15,698.421
UID_37_9_4_all-25,592.701
UID_37_9_5_all-37,715.3
UID_47_1_1_all-13,683.315
UID_47_1_2_all-16,1065.11
UID_47_1_3_all-20,658.884
UID_47_11_1_all-18,1369.72
UID_47_11_2_all-22,722.213
UID_47_11_3_all-18,715.143
UID_47_11_4_all-7,839.406
UID_47_11_5_all-22,779.957
UID_47_12_1_all-14,852.96
UID_47_12_10_all-20,1484.18
UID_47_12_11_all-26,759.363
UID_47_12_2_all-14,693.166
UID_47_12_3_all-34,740.046
UID_47_12_4_all-22,1326.99
UID_47_12_5_all-27,998.477
UID_47_12_6_all-13,1189.85
UID_47_12_7_all-31,726.329
UID_47_12_8_all-19,1455.62
UID_47_12_9_all-26,744.039
UID_47_13_1_all-23,1220.14
UID_47_13_10_all-7,769.884
UID_47_13_11_all-9,776.773
UID_47_13_12_all-13,1052.66
UID_47_13_13_all-16,756.794
UID_47_13_14_all-9,833.493
UID_47_13_2_all-12,753.711
UID_47_13_3_all-9,1180.72
UID_47_13_4_all-7,933.742
UID_47_13_5_all-16,661.462
UID_47_13_6_all-31,745.548
UID_47_13_7_all-17,774.801
UID_47_13_8_all-22,761.555
UID_47_13_9_all-11,1068.64
UID_47_14_1_all-17,736.946
UID_47_14_2_all-27,812.353
UID_47_14_3_all-22,1224.21
UID_47_14_4_all-18,752.622
UID_47_14_5_all-10,1073.65
UID_47_15_1_all-17,884.937
UID_47_15_2_all-18,884.47
UID_47_15_3_all-33,807.561
UID_47_15_4_all-23,991.12
UID_47_15_5_all-18,709.058
UID_47_15_6_all-21,1105.08
UID_47_15_7_all-8,926.338
UID_47_15_8_all-8,1574.15
UID_47_16_1_all-8,794.494
UID_47_16_2_all-18,999.158
UID_47_16_3_all-24,927.459
UID_47_17_1_all-20,886.799
UID_47_17_2_all-24,1596.8
UID_47_17_3_all-16,1039.12
UID_47_17_4_all-11,868.36
UID_47_17_5_all-13,728.57
UID_47_18_1_all-5,1538.5
UID_47_18_2_all-11,807.489
UID_47_18_3_all-21,745.195
UID_47_18_4_all-13,752.543
UID_47_18_5_all-11,795.78
UID_47_19_1_all-16,772.184
UID_47_19_2_all-17,1275.68
UID_47_19_3_all-12,718.896
UID_47_19_4_all-12,989.746
UID_47_19_5_all-7,593.037
UID_47_19_6_all-7,710.079
UID_47_19_7_all-6,863.809
UID_47_2_1_all-5,1099.2
UID_47_2_2_all-6,1215.84
UID_47_20_1_all-8,896.48
UID_47_20_2_all-17,1100.71
UID_47_20_3_all-10,728.127
UID_47_20_4_all-17,1068.04
UID_47_20_5_all-15,680.737
UID_47_20_6_all-18,829.687
UID_47_20_7_all-13,727
UID_47_20_8_all-14,699.468
UID_47_21_1_all-16,838.477
UID_47_21_2_all-27,749.362
UID_47_21_3_all-23,738.041
UID_47_21_4_all-6,1159.25
UID_47_21_5_all-25,814.887
UID_47_21_6_all-14,859.627
UID_47_21_7_all-11,1021.97
UID_47_21_8_all-17,706.039
UID_47_22_1_all-17,685.015
UID_47_22_10_all-17,633.74
UID_47_22_11_all-21,683.125
UID_47_22_12_all-4,779.991
UID_47_22_13_all-18,765.378
UID_47_22_14_all-2,803.882
UID_47_22_15_all-22,707.481
UID_47_22_16_all-15,1776.29
UID_47_22_2_all-19,1202.62
UID_47_22_3_all-12,799.26
UID_47_22_4_all-13,912.845
UID_47_22_5_all-21,1207.01
UID_47_22_6_all-25,741.237
UID_47_22_7_all-16,739.436
UID_47_22_8_all-7,668.25
UID_47_22_9_all-7,890.449
UID_47_23_1_all-12,821.708
UID_47_23_10_all-20,832.878
UID_47_23_11_all-17,953.405
UID_47_23_12_all-15,734.114
UID_47_23_2_all-21,741.79
UID_47_23_3_all-14,746.698
UID_47_23_4_all-11,992.508
UID_47_23_5_all-23,776.855
UID_47_23_6_all-19,660.055
UID_47_23_7_all-21,775.699
UID_47_23_8_all-14,742.358
UID_47_23_9_all-21,2834.95
UID_47_24_1_all-11,920.762
UID_47_24_10_all-17,654.514
UID_47_24_11_all-2,698.499
UID_47_24_12_all-13,612.212
UID_47_24_13_all-13,884.372
UID_47_24_14_all-12,676.103
UID_47_24_2_all-9,818.302
UID_47_24_3_all-18,809.367
UID_47_24_4_all-12,1315.83
UID_47_24_5_all-12,1045.68
UID_47_24_6_all-7,646.204
UID_47_24_7_all-15,729.579
UID_47_24_8_all-6,653.225
UID_47_24_9_all-21,943.684
UID_47_25_1_all-7,841.998
UID_47_25_2_all-18,741.404
UID_47_25_3_all-13,718.327
UID_47_25_4_all-12,657.972
UID_47_25_5_all-21,766.843
UID_47_25_6_all-6,721.888
UID_47_25_7_all-13,967.159
UID_47_26_1_all-11,840.014
UID_47_26_2_all-14,740.459
UID_47_26_3_all-19,657.429
UID_47_26_4_all-22,752.399
UID_47_26_5_all-9,719.114
UID_47_26_6_all-26,706.367
UID_47_26_7_all-14,852.735
UID_47_27_1_all-9,852.561
UID_47_27_10_all-5,766.077
UID_47_27_11_all-7,730.097
UID_47_27_12_all-12,743.3
UID_47_27_13_all-20,825.85
UID_47_27_2_all-24,730.193
UID_47_27_3_all-9,810.453
UID_47_27_4_all-17,754.812
UID_47_27_5_all-4,778.995
UID_47_27_6_all-14,771.192
UID_47_27_7_all-8,738.011
UID_47_27_8_all-14,885
UID_47_27_9_all-19,697.491
UID_47_28_1_all-18,844.973
UID_47_28_10_all-11,770.853
UID_47_28_11_all-5,733.017
UID_47_28_12_all-12,755.799
UID_47_28_13_all-22,845.567
UID_47_28_2_all-16,732.274
UID_47_28_3_all-17,748.338
UID_47_28_4_all-22,889.478
UID_47_28_5_all-6,834.733
UID_47_28_6_all-17,786.687
UID_47_28_7_all-29,1002.92
UID_47_28_8_all-16,850.147
UID_47_28_9_all-31,699.934
UID_47_29_1_all-16,798.122
UID_47_29_10_all-16,751.186
UID_47_29_11_all-16,704.844
UID_47_29_12_all-14,1111.01
UID_47_29_13_all-15,868.607
UID_47_29_14_all-6,825.314
UID_47_29_2_all-8,868.438
UID_47_29_3_all-30,759.863
UID_47_29_4_all-23,766.978
UID_47_29_5_all,74.455
UID_47_29_6_all-20,1163.41
UID_47_29_7_all-12,1156.28
UID_47_29_8_all-4,1009.12
UID_47_29_9_all-2,689.772
UID_47_3_1_all-23,735.993
UID_47_3_2_all-11,701.69
UID_47_3_3_all-17,657.511
UID_47_3_4_all-28,813.491
UID_47_3_5_all-21,1011.69
UID_47_3_6_all-16,337.762
UID_47_3_7_all-5,779.677
UID_47_30_1_all-14,741.883
UID_47_30_2_all-11,1563.8
UID_47_30_3_all-28,1048.36
UID_47_30_4_all-12,741.281
UID_47_30_5_all,72.893
UID_47_30_6_all-26,710.938
UID_47_30_7_all-19,1304.69
UID_47_30_8_all-13,703.439
UID_47_31_1_all-29,730.915
UID_47_31_2_all-10,737.275
UID_47_31_3_all-30,724.174
UID_47_32_1_all-27,736.235
UID_47_32_10_all-17,693.532
UID_47_32_11_all-26,722.489
UID_47_32_12_all-12,818.851
UID_47_32_13_all-17,685.961
UID_47_32_2_all-12,843.267
UID_47_32_3_all-22,1120.14
UID_47_32_4_all-16,1006.82
UID_47_32_5_all-9,772.855
UID_47_32_6_all-4,1025.31
UID_47_32_7_all-12,977.287
UID_47_32_8_all-16,723.442
UID_47_32_9_all-4,769.306
UID_47_33_1_all-23,1100.38
UID_47_33_10_all-7,819.697
UID_47_33_2_all-14,775.816
UID_47_33_3_all-17,772.973
UID_47_33_4_all-16,794.379
UID_47_33_5_all-15,1141.69
UID_47_33_6_all-10,940.818
UID_47_33_7_all-16,745.89
UID_47_33_8_all-18,800.5
UID_47_33_9_all-10,775.846
UID_47_34_1_all-16,824.568
UID_47_34_10_all-33,830.018
UID_47_34_2_all-20,755.259
UID_47_34_3_all-21,2204.41
UID_47_34_4_all-8,1157.52
UID_47_34_5_all-19,1299.16
UID_47_34_6_all-19,1001.27
UID_47_34_7_all-17,1077.82
UID_47_34_8_all-11,846.037
UID_47_34_9_all-25,1148.71
UID_47_35_1_all-19,862.304
UID_47_35_10_all-15,850.951
UID_47_35_11_all-13,844.735
UID_47_35_2_all-16,747.591
UID_47_35_3_all-21,1586.33
UID_47_35_4_all-16,685.98
UID_47_35_5_all-17,818.584
UID_47_35_6_all-12,885.259
UID_47_35_7_all-8,1079.49
UID_47_35_8_all-3,77.6975
UID_47_35_9_all-20,1418.72
UID_47_36_1_all-2,1004.95
UID_47_36_2_all-8,767.33
UID_47_36_3_all-19,819.394
UID_47_36_4_all-7,831.293
UID_47_36_5_all-25,736.586
UID_47_36_6_all-18,852.502
UID_47_4_1_all-18,680.783
UID_47_4_2_all-17,674.085
UID_47_4_3_all-9,1112.9
UID_47_4_4_all-18,721.264
UID_47_5_1_all-19,1287.58
UID_47_5_2_all-17,1181.33
UID_47_5_3_all-22,721.251
UID_47_5_4_all-11,987.194
UID_47_5_5_all,82.3082
UID_47_5_6_all,120.462
UID_47_6_1_all-11,1404.65
UID_47_6_2_all-12,715.118
UID_47_6_3_all-13,901.12
UID_47_6_4_all-18,858.15
UID_47_6_5_all-23,814.469
UID_47_6_6_all-16,735.931
UID_47_7_1_all-21,745.367
UID_47_7_2_all-19,787.917
UID_47_7_3_all-17,735.859
UID_47_7_4_all-14,739.753
UID_47_8_1_all-12,955.378
UID_47_8_2_all-22,738.777
UID_47_8_3_all-18,756.369
UID_47_8_4_all-12,1219
UID_47_8_5_all-13,796.247
UID_47_8_6_all-22,688.909
UID_47_9_1_all-18,1178.97
UID_47_9_2_all-28,1600.07
UID_47_9_3_all-22,734.722
UID_47_9_4_all-12,1440.98
UID_49_1_1_all-4,612.646
UID_49_1_2_all-21,693.189
UID_49_1_3_all-13,663.806
UID_49_1_4_all-21,547.107
UID_49_1_5_all-26,780.175
UID_49_1_6_all-20,686.964
UID_49_1_7_all-15,990.201
UID_49_10_1_all-8,657.398
UID_49_10_2_all-27,720.514
UID_49_10_3_all-12,1145.34
UID_49_10_4_all-3,622.081
UID_49_10_5_all-48,950.986
UID_49_10_6_all-15,656.406
UID_49_10_7_all-13,966.45
UID_49_10_8_all-26,985.432
UID_49_11_1_all-17,713.544
UID_49_11_2_all-9,742.394
UID_49_11_3_all-15,642.064
UID_49_11_4_all-24,1592.1
UID_49_12_1_all-14,1265.81
UID_49_12_2_all-27,787.643
UID_49_12_3_all,1036.94
UID_49_12_4_all-14,646.214
UID_49_12_5_all-14,605.018
UID_49_13_1_all-15,698.224
UID_49_13_2_all-20,715.751
UID_49_13_3_all-13,857.703
UID_49_13_4_all-12,671.32
UID_49_14_1_all-14,1005.83
UID_49_14_2_all-26,701.405
UID_49_14_3_all-22,661.725
UID_49_14_4_all-3,640.726
UID_49_15_1_all-23,714.756
UID_49_15_2_all-21,877.018
UID_49_15_3_all-18,688.668
UID_49_15_4_all-9,724.992
UID_49_15_5_all-10,703.22
UID_49_15_6_all-24,711.089
UID_49_16_1_all-16,810.552
UID_49_16_2_all-20,758.994
UID_49_16_3_all-12,678.398
UID_49_16_4_all-9,708.04
UID_49_16_5_all-23,774.325
UID_49_17_1_all-24,1528.18
UID_49_17_2_all-20,654.075
UID_49_17_3_all-15,798.255
UID_49_18_1_all-9,815.703
UID_49_18_2_all-22,706.489
UID_49_18_3_all-5,1203.48
UID_49_18_4_all-15,646.302
UID_49_19_1_all-22,778.151
UID_49_19_2_all-2,53.3428
UID_49_19_3_all-39,796.762
UID_49_19_4_all-8,1435.07
UID_49_19_5_all-14,651.367
UID_49_19_6_all-17,977.194
UID_49_19_7_all-22,686.936
UID_49_2_1_all-6,618.866
UID_49_2_2_all-14,702.062
UID_49_2_3_all-11,750.73
UID_49_2_4_all-23,726.873
UID_49_2_5_all-16,669.676
UID_49_2_6_all-17,724.74
UID_49_2_7_all-4,657.847
UID_49_2_8_all-15,738.84
UID_49_20_1_all-6,609.391
UID_49_20_2_all-9,668.09
UID_49_20_3_all-22,991.136
UID_49_20_4_all-13,1283.63
UID_49_20_5_all-20,1448.62
UID_49_20_6_all-23,666.062
UID_49_20_7_all-28,724.164
UID_49_20_8_all-17,984.675
UID_49_20_9_all-18,700.94
UID_49_21_1_all-18,933.944
UID_49_21_2_all-18,759.795
UID_49_21_3_all-18,767.455
UID_49_21_4_all-26,819.226
UID_49_21_5_all-6,665.906
UID_49_21_6_all-32,750.156
UID_49_22_1_all-17,793.912
UID_49_22_2_all-21,928.566
UID_49_22_3_all-27,738.445
UID_49_22_4_all-23,1186.76
UID_49_22_5_all-16,702.226
UID_49_23_1_all-7,699.633
UID_49_23_2_all-6,674.85
UID_49_23_3_all-9,722.284
UID_49_23_4_all-13,1113.53
UID_49_23_5_all-14,706.245
UID_49_23_6_all-26,723.235
UID_49_23_7_all-19,1509.86
UID_49_24_1_all-26,729.8
UID_49_24_2_all-14,719.795
UID_49_24_3_all-13,847.036
UID_49_24_4_all-18,812.285
UID_49_24_5_all-13,686.026
UID_49_24_6_all-29,669.104
UID_49_25_1_all-12,1148.59
UID_49_25_2_all-9,811.74
UID_49_25_3_all-24,729.178
UID_49_25_4_all-8,724.53
UID_49_26_1_all-12,699.609
UID_49_26_2_all-7,1157.44
UID_49_26_3_all-23,704.312
UID_49_26_4_all-19,778.576
UID_49_26_5_all-15,1254.51
UID_49_27_1_all-6,780.534
UID_49_27_2_all-25,739.582
UID_49_27_3_all-10,740.702
UID_49_28_1_all-26,818.507
UID_49_28_2_all-4,582.611
UID_49_28_3_all-22,883.285
UID_49_28_4_all-12,966.485
UID_49_28_5_all-12,653.796
UID_49_29_1_all-5,1103.01
UID_49_29_2_all-24,738.13
UID_49_29_3_all-19,755.001
UID_49_29_4_all-17,789.785
UID_49_3_1_all-10,694.197
UID_49_3_2_all-6,667.156
UID_49_3_3_all-9,866.809
UID_49_3_4_all-14,1518.08
UID_49_3_5_all-20,797.659
UID_49_3_6_all-18,681.753
UID_49_30_1_all-22,868.857
UID_49_30_2_all-18,964.213
UID_49_31_1_all-15,719.638
UID_49_31_2_all-18,691.79
UID_49_31_3_all-18,678.895
UID_49_31_4_all-11,626.868
UID_49_31_5_all-5,762.094
UID_49_32_1_all,1343.3
UID_49_32_2_all-7,1244.87
UID_49_33_1_all-16,659.448
UID_49_33_2_all-22,671.109
UID_49_33_3_all-22,677.666
UID_49_33_4_all-13,683.028
UID_49_33_5_all-23,700.302
UID_49_33_6_all-21,663.27
UID_49_34_1_all-22,656.552
UID_49_34_2_all-25,671.111
UID_49_34_3_all-40,847.325
UID_49_35_1_all-4,662.154
UID_49_35_2_all-10,634.754
UID_49_36_1_all-4,738.86
UID_49_36_2_all-2,662.782
UID_49_37_1_all-5,788.194
UID_49_37_2_all-4,664.815
UID_49_4_1_all-21,974.027
UID_49_4_2_all-22,734.195
UID_49_4_3_all-25,712.803
UID_49_4_4_all-22,679.922
UID_49_4_5_all-9,677.992
UID_49_4_6_all-15,653.5
UID_49_4_7_all-16,722.376
UID_49_5_1_all-9,1198.42
UID_49_5_2_all-24,754.163
UID_49_5_3_all-5,618.669
UID_49_5_4_all-26,684.88
UID_49_5_5_all-12,610.513
UID_49_5_6_all-18,685.406
UID_49_5_7_all-19,677.57
UID_49_6_1_all-14,638.347
UID_49_6_10_all-25,709.402
UID_49_6_11_all-15,765.678
UID_49_6_12_all-19,736.101
UID_49_6_2_all-8,638.779
UID_49_6_3_all-26,795.839
UID_49_6_4_all-9,723.919
UID_49_6_5_all-21,665.868
UID_49_6_6_all-14,637.093
UID_49_6_7_all-19,624.832
UID_49_6_8_all-12,676.33
UID_49_6_9_all-20,654.175
UID_49_7_1_all-11,658.919
UID_49_7_10_all-17,780.935
UID_49_7_11_all-16,719.731
UID_49_7_12_all-15,658.843
UID_49_7_2_all-10,650.055
UID_49_7_3_all-2,574.984
UID_49_7_4_all-4,559.472
UID_49_7_5_all-16,625.407
UID_49_7_6_all-17,654.264
UID_49_7_7_all-18,594.626
UID_49_7_8_all-15,628.451
UID_49_7_9_all-6,638.542
UID_49_8_1_all-8,655.693
UID_49_8_2_all-21,713.773
UID_49_8_3_all-11,624.58
UID_49_8_4_all-11,665.511
UID_49_8_5_all-11,654.011
UID_49_9_1_all-16,1265.29
UID_49_9_2_all-28,703.489
UID_49_9_3_all-11,1527.61
UID_49_9_4_all-32,1222.64
UID_49_9_5_all-25,819.53
UID_67_1_1_all-14,911.867
UID_67_1_2_all-14,926.177
UID_67_1_3_all-17,821.524
UID_67_1_4_all-6,651.037
UID_67_1_5_all-8,680.022
UID_67_1_6_all-15,841
UID_67_1_7_all-12,649.784
UID_67_1_8_all-9,735.253
UID_67_10_1_all-14,734.131
UID_67_10_2_all-12,786.179
UID_67_10_3_all-9,775.608
UID_67_10_4_all-8,720.155
UID_67_10_5_all-9,845.541
UID_67_10_6_all-7,649.349
UID_67_10_7_all-13,739.316
UID_67_10_8_all-18,786.425
UID_67_11_1_all-13,821.019
UID_67_11_10_all-7,777.897
UID_67_11_2_all-9,669.225
UID_67_11_3_all-16,830.674
UID_67_11_4_all-8,776.234
UID_67_11_5_all-12,665.554
UID_67_11_6_all-6,699.511
UID_67_11_7_all-9,655.606
UID_67_11_8_all-17,737.793
UID_67_11_9_all-12,786.123
UID_67_12_1_all-7,691.038
UID_67_12_2_all-14,642.228
UID_67_12_3_all-14,671.351
UID_67_12_4_all-11,848.578
UID_67_13_1_all-14,803.179
UID_67_13_2_all-26,768.432
UID_67_13_3_all-15,805.602
UID_67_13_4_all-7,689.155
UID_67_13_5_all-19,774.491
UID_67_13_6_all-12,863.495
UID_67_13_7_all-13,808.049
UID_67_13_8_all-13,756.499
UID_67_13_9_all-18,766.507
UID_67_14_1_all-26,703.176
UID_67_14_10_all-11,721.329
UID_67_14_11_all-22,766.632
UID_67_14_2_all-14,729.202
UID_67_14_3_all-31,786.468
UID_67_14_4_all-15,697.15
UID_67_14_5_all-16,729.789
UID_67_14_6_all-20,613.152
UID_67_14_7_all-14,867.638
UID_67_14_8_all-13,774.728
UID_67_14_9_all-14,730.221
UID_67_15_1_all-10,718.272
UID_67_15_10_all-15,670.59
UID_67_15_2_all-12,769.216
UID_67_15_3_all-14,681.905
UID_67_15_4_all-13,735.119
UID_67_15_5_all-14,736.289
UID_67_15_6_all-17,768.608
UID_67_15_7_all-12,723.814
UID_67_15_8_all-21,760.414
UID_67_15_9_all-12,664.297
UID_67_16_1_all-8,705.888
UID_67_16_2_all-11,686.797
UID_67_16_3_all-11,733.989
UID_67_16_4_all-6,642.973
UID_67_16_5_all-21,778.329
UID_67_16_6_all-4,686.495
UID_67_16_7_all-14,784.978
UID_67_16_8_all-8,715.67
UID_67_17_1_all-15,889.766
UID_67_17_2_all-11,817.577
UID_67_17_3_all-5,789.466
UID_67_17_4_all-22,724.172
UID_67_17_5_all-17,857.83
UID_67_18_1_all-4,724.624
UID_67_18_2_all-17,912.551
UID_67_18_3_all-11,670.051
UID_67_18_4_all-7,1373.36
UID_67_18_5_all-11,729.037
UID_67_19_1_all-11,851.151
UID_67_19_10_all-15,1320.7
UID_67_19_11_all-7,749.265
UID_67_19_12_all-11,703.38
UID_67_19_13_all-10,751.001
UID_67_19_14_all-10,718.24
UID_67_19_15_all-12,746.616
UID_67_19_2_all-10,936.668
UID_67_19_3_all-21,762.8
UID_67_19_4_all-22,766.495
UID_67_19_5_all-5,768.858
UID_67_19_6_all-11,753.967
UID_67_19_7_all-4,739.558
UID_67_19_8_all-18,1016.09
UID_67_19_9_all-13,715.316
UID_67_2_1_all-19,823.928
UID_67_20_1_all-16,759.227
UID_67_20_10_all-12,820.159
UID_67_20_11_all-15,807.916
UID_67_20_12_all-15,2832.1
UID_67_20_13_all-15,832.066
UID_67_20_14_all-13,793.218
UID_67_20_15_all-14,779.051
UID_67_20_2_all-13,743.421
UID_67_20_3_all-24,740.516
UID_67_20_4_all-19,995.542
UID_67_20_5_all-12,725.116
UID_67_20_6_all-15,759.071
UID_67_20_7_all-15,654.928
UID_67_20_8_all-17,763.791
UID_67_20_9_all-14,788.602
UID_67_21_1_all-15,796.853
UID_67_21_10_all-22,748.189
UID_67_21_11_all-13,833.479
UID_67_21_12_all-13,788.452
UID_67_21_2_all-12,794.465
UID_67_21_3_all-13,668.809
UID_67_21_4_all-25,754.116
UID_67_21_5_all-15,845.604
UID_67_21_6_all-10,798.858
UID_67_21_7_all-14,727.547
UID_67_21_8_all-18,903.475
UID_67_21_9_all-14,839.84
UID_67_22_1_all-10,754.803
UID_67_22_10_all-4,723.406
UID_67_22_11_all-15,673.348
UID_67_22_12_all-11,750.537
UID_67_22_2_all-24,809.917
UID_67_22_3_all-19,734.172
UID_67_22_4_all-7,1350.62
UID_67_22_5_all-10,1001.99
UID_67_22_6_all-16,819.413
UID_67_22_7_all-12,655.925
UID_67_22_8_all-13,683.143
UID_67_22_9_all-9,878.154
UID_67_23_1_all-14,715.689
UID_67_23_2_all-16,759.884
UID_67_23_3_all-16,732.007
UID_67_23_4_all-12,1008.5
UID_67_23_5_all-22,832.618
UID_67_23_6_all-13,680.316
UID_67_23_7_all-15,1001.25
UID_67_23_8_all-17,809.594
UID_67_23_9_all-19,772.426
UID_67_24_1_all-11,741.339
UID_67_24_2_all-9,793.177
UID_67_24_3_all-10,861.298
UID_67_24_4_all-17,775.04
UID_67_24_5_all-20,789.606
UID_67_24_6_all-4,753.411
UID_67_25_1_all-15,687.6
UID_67_25_10_all-12,710.372
UID_67_25_11_all-17,720.463
UID_67_25_12_all-7,1060.55
UID_67_25_2_all-14,653.739
UID_67_25_3_all-4,1115.08
UID_67_25_4_all-9,69.6095
UID_67_25_5_all-12,742.726
UID_67_25_6_all-11,772.829
UID_67_25_7_all-16,751.341
UID_67_25_8_all-12,726.032
UID_67_25_9_all-10,730.201
UID_67_26_1_all-15,822.069
UID_67_26_2_all-9,823.258
UID_67_26_3_all-28,805.063
UID_67_26_4_all-11,706.021
UID_67_27_1_all-15,662.96
UID_67_27_2_all-17,1055.06
UID_67_27_3_all-10,977.206
UID_67_27_4_all-16,768.091
UID_67_27_5_all-4,760.755
UID_67_27_6_all-12,806.637
UID_67_28_1_all-12,963.201
UID_67_28_2_all-12,718.159
UID_67_28_3_all-11,710.009
UID_67_28_4_all-8,781.59
UID_67_28_5_all-7,738.601
UID_67_28_6_all-15,730.625
UID_67_28_7_all-8,641.449
UID_67_28_8_all-11,808.183
UID_67_29_1_all-17,804.285
UID_67_29_2_all-26,729.098
UID_67_3_1_all-17,717.415
UID_67_3_2_all-7,703.194
UID_67_3_3_all-13,675.341
UID_67_3_4_all-6,758.136
UID_67_3_5_all-19,907.469
UID_67_3_6_all-13,766.835
UID_67_3_7_all-3,691.442
UID_67_30_1_all-8,738.406
UID_67_30_2_all-15,766.6
UID_67_30_3_all-4,757.688
UID_67_30_4_all-3,746.327
UID_67_30_5_all-6,675.594
UID_67_30_6_all-19,689.799
UID_67_30_7_all-9,689.294
UID_67_30_8_all-18,846.265
UID_67_30_9_all-4,785.553
UID_67_31_1_all-11,771.693
UID_67_31_10_all-11,689.022
UID_67_31_11_all-8,759.268
UID_67_31_12_all-27,776.415
UID_67_31_2_all-8,796.201
UID_67_31_3_all-5,894.478
UID_67_31_4_all-13,744.97
UID_67_31_5_all-5,746.739
UID_67_31_6_all-16,635.276
UID_67_31_7_all-11,758.616
UID_67_31_8_all-6,702.509
UID_67_31_9_all-10,840.749
UID_67_32_1_all-21,788.949
UID_67_32_10_all-11,787.624
UID_67_32_11_all-19,786.968
UID_67_32_2_all-15,778.708
UID_67_32_3_all-11,768.922
UID_67_32_4_all-10,741.195
UID_67_32_5_all-11,815.814
UID_67_32_6_all-20,691.653
UID_67_32_7_all-10,825.745
UID_67_32_8_all-21,806.493
UID_67_32_9_all-24,846.28
UID_67_33_1_all-18,791.806
UID_67_33_10_all-10,744.275
UID_67_33_11_all-14,662.258
UID_67_33_12_all-19,785.623
UID_67_33_13_all-22,730.146
UID_67_33_2_all-11,788.212
UID_67_33_3_all-14,876.248
UID_67_33_4_all-13,871.807
UID_67_33_5_all-27,968.357
UID_67_33_6_all-18,678.856
UID_67_33_7_all-23,800.218
UID_67_33_8_all-9,721.916
UID_67_33_9_all-8,717.465
UID_67_34_1_all-7,794.883
UID_67_34_10_all-6,707.314
UID_67_34_2_all-12,760.096
UID_67_34_3_all-24,812.13
UID_67_34_4_all-14,905.29
UID_67_34_5_all-11,700.21
UID_67_34_6_all-11,754.151
UID_67_34_7_all-12,812.539
UID_67_34_8_all-10,711.072
UID_67_34_9_all-11,829.164
UID_67_4_1_all-15,849.542
UID_67_4_2_all-10,757.518
UID_67_4_3_all-6,747.781
UID_67_4_4_all-13,713.029
UID_67_4_5_all-8,709.921
UID_67_4_6_all-13,833.009
UID_67_4_7_all-14,710.099
UID_67_5_1_all-12,717.88
UID_67_5_2_all-21,700.309
UID_67_5_3_all-5,684.683
UID_67_5_4_all-10,802.645
UID_67_5_5_all-9,704.094
UID_67_6_1_all-13,719.22
UID_67_6_2_all-13,698.254
UID_67_6_3_all-18,739.415
UID_67_7_1_all-10,712.494
UID_67_7_2_all-10,741.716
UID_67_7_3_all-20,766.548
UID_67_7_4_all-18,789.441
UID_67_8_1_all-14,748.152
UID_67_8_2_all-11,736.083
UID_67_8_3_all-19,732.004
UID_67_8_4_all-9,804.664
UID_67_8_5_all-19,794.867
UID_67_9_1_all-14,744.151
UID_68_1_1_all-18,1287.6
UID_68_10_1_all-11,806.376
UID_68_10_2_all-7,950.028
UID_68_10_3_all-20,854.883
UID_68_10_4_all-14,804.825
UID_68_10_5_all-11,1376.13
UID_68_10_6_all-11,807.096
UID_68_11_2_all-14,1751.3
UID_68_11_3_all-26,871.934
UID_68_11_4_all-8,1556.08
UID_68_11_5_all-14,764.421
UID_68_11_6_all-15,755.173
UID_68_12_1_all-6,920.908
UID_68_12_2_all-4,837.401
UID_68_13_1_all-15,784.923
UID_68_13_2_all-8,877.661
UID_68_13_3_all-3,827.755
UID_68_14_1_all-5,1504.89
UID_68_14_2_all-12,791.595
UID_68_15_1_all-33,826.374
UID_68_15_2_all-29,860.466
UID_68_15_3_all-6,846.886
UID_68_16_1_all-18,780.64
UID_68_16_2_all-23,754.851
UID_68_16_3_all-18,792.228
UID_68_17_1_all-19,844.828
UID_68_19_1_all-11,790.269
UID_68_19_2_all-26,806.789
UID_68_19_3_all-22,825.078
UID_68_2_1_all-11,825.592
UID_68_2_2_all-10,1219.99
UID_68_2_3_all-10,738.285
UID_68_2_4_all-10,1218.86
UID_68_2_5_all-22,815.486
UID_68_2_6_all-17,802.766
UID_68_20_1_all-18,1002.22
UID_68_20_2_all-7,791.107
UID_68_20_3_all-16,805.071
UID_68_20_4_all-9,751.436
UID_68_20_5_all-11,808.774
UID_68_20_6_all-6,1395.39
UID_68_20_7_all-13,748.539
UID_68_21_1_all-7,783.812
UID_68_21_2_all-11,825.65
UID_68_21_3_all-14,749.889
UID_68_21_4_all-20,1099.99
UID_68_21_5_all-22,751.398
UID_68_21_6_all-13,823.114
UID_68_21_7_all-10,748.964
UID_68_22_1_all-19,733.524
UID_68_22_10_all-12,727.033
UID_68_22_11_all-25,765.237
UID_68_22_12_all-9,680.586
UID_68_22_13_all-14,685.251
UID_68_22_2_all-18,713.929
UID_68_22_3_all-17,713.132
UID_68_22_4_all-7,874.512
UID_68_22_5_all-15,722.922
UID_68_22_6_all-14,720.714
UID_68_22_7_all-18,798.808
UID_68_22_8_all-3,827.371
UID_68_22_9_all-16,867.049
UID_68_23_1_all-10,773.381
UID_68_23_10_all-9,769.723
UID_68_23_11_all-15,746.228
UID_68_23_12_all-15,1106.64
UID_68_23_2_all-9,735.565
UID_68_23_3_all-19,778.252
UID_68_23_4_all-8,801.614
UID_68_23_5_all-2,834.867
UID_68_23_6_all-12,799.407
UID_68_23_7_all-12,751.161
UID_68_23_8_all-6,797.438
UID_68_23_9_all-11,783.222
UID_68_24_1_all-14,978.396
UID_68_24_2_all-8,790.935
UID_68_24_3_all-12,804.035
UID_68_24_4_all-10,749.842
UID_68_24_5_all-12,808.298
UID_68_24_6_all-6,1435.85
UID_68_24_7_all-16,774.121
UID_68_25_1_all-9,794.303
UID_68_25_2_all-13,791.166
UID_68_25_3_all-10,790.56
UID_68_25_4_all-7,880.387
UID_68_25_5_all-7,952.51
UID_68_25_6_all-18,817.604
UID_68_25_7_all-11,837.238
UID_68_26_1_all-7,732.581
UID_68_26_2_all-15,660.338
UID_68_26_3_all-6,787.704
UID_68_26_4_all-18,709.224
UID_68_26_5_all-10,743.806
UID_68_26_6_all-15,784.441
UID_68_26_7_all-10,741.053
UID_68_27_1_all-12,739.279
UID_68_27_2_all-20,785.282
UID_68_27_3_all-15,1123.8
UID_68_27_4_all-19,782.347
UID_68_27_5_all-15,871.765
UID_68_27_6_all-13,813.249
UID_68_27_7_all-5,681.093
UID_68_27_8_all-11,702.351
UID_68_27_9_all-16,695.386
UID_68_28_1_all-17,704.087
UID_68_28_2_all-8,678.829
UID_68_28_3_all-22,734.602
UID_68_28_4_all-16,716.484
UID_68_28_5_all-11,806.251
UID_68_28_6_all-10,797.24
UID_68_28_7_all-13,885.352
UID_68_28_8_all-16,757.306
UID_68_28_9_all-11,719.409
UID_68_29_1_all-28,742.175
UID_68_29_10_all-9,673.92
UID_68_29_11_all-11,757.858
UID_68_29_12_all-13,724.773
UID_68_29_2_all-16,784.516
UID_68_29_3_all-14,678.321
UID_68_29_4_all-12,768.544
UID_68_29_5_all-13,674.863
UID_68_29_6_all-15,706.803
UID_68_29_7_all-18,743.585
UID_68_29_8_all-13,697.109
UID_68_29_9_all-12,735.336
UID_68_3_1_all-6,1288.32
UID_68_3_2_all-13,732.59
UID_68_3_3_all-8,708.058
UID_68_3_4_all-22,749.277
UID_68_3_5_all-10,741.501
UID_68_3_6_all-9,1312.79
UID_68_30_1_all-5,749.937
UID_68_30_10_all-17,814.84
UID_68_30_11_all-3,796.859
UID_68_30_2_all-17,686.133
UID_68_30_3_all-11,837.236
UID_68_30_4_all-11,703.426
UID_68_30_5_all-9,673.559
UID_68_30_6_all-17,715.552
UID_68_30_7_all-16,983.846
UID_68_30_8_all-13,686.789
UID_68_30_9_all-12,777.482
UID_68_31_1_all-20,896.297
UID_68_31_2_all-22,763.381
UID_68_31_3_all-22,786.361
UID_68_31_4_all-20,813.24
UID_68_31_5_all-16,731.276
UID_68_31_6_all-13,799.618
UID_68_32_1_all-7,1713.18
UID_68_32_2_all-22,758.58
UID_68_33_1_all-9,851.175
UID_68_33_10_all-11,709.658
UID_68_33_11_all-7,737.69
UID_68_33_12_all-6,829.418
UID_68_33_13_all-9,761.102
UID_68_33_2_all-15,774.023
UID_68_33_3_all-8,999.595
UID_68_33_4_all-18,766.317
UID_68_33_5_all-3,765.572
UID_68_33_6_all-12,769.36
UID_68_33_7_all-10,683.707
UID_68_33_8_all-20,700.371
UID_68_33_9_all-12,687.751
UID_68_34_1_all-17,791.262
UID_68_34_10_all-15,881.848
UID_68_34_11_all-9,868.002
UID_68_34_2_all-12,810.217
UID_68_34_3_all-11,738.679
UID_68_34_4_all-12,711.686
UID_68_34_5_all-12,703.483
UID_68_34_6_all-14,822.189
UID_68_34_7_all-6,762.775
UID_68_34_8_all-15,728.806
UID_68_34_9_all-11,729.84
UID_68_35_1_all-10,793.492
UID_68_35_10_all-9,813.508
UID_68_35_2_all-12,718.396
UID_68_35_3_all-7,748.029
UID_68_35_4_all-2,978.286
UID_68_35_5_all-4,947.624
UID_68_35_6_all-16,920.907
UID_68_35_7_all-12,685.784
UID_68_35_8_all-17,655.522
UID_68_35_9_all-12,782.566
UID_68_36_1_all-14,667.716
UID_68_36_2_all-15,806.223
UID_68_36_3_all-7,755.753
UID_68_36_4_all-4,835.864
UID_68_36_5_all-15,762.702
UID_68_36_6_all-12,633.532
UID_68_36_7_all-8,875.424
UID_68_36_8_all-8,695.589
UID_68_36_9_all-12,749.846
UID_68_37_1_all-12,705.079
UID_68_37_10_all-11,658.192
UID_68_37_11_all-12,784.94
UID_68_37_12_all-6,733.786
UID_68_37_13_all-17,692.41
UID_68_37_14_all-15,767.932
UID_68_37_15_all-7,766.957
UID_68_37_2_all-17,728.025
UID_68_37_3_all-8,792.279
UID_68_37_4_all-10,654.075
UID_68_37_5_all-7,797.899
UID_68_37_6_all-9,740.342
UID_68_37_7_all-21,815.633
UID_68_37_8_all-5,714.414
UID_68_37_9_all-10,712.961
UID_68_4_1_all-14,791.429
UID_68_4_2_all-13,970.989
UID_68_4_3_all-10,844.284
UID_68_4_4_all-25,778.043
UID_68_4_5_all-21,814.639
UID_68_5_1_all-13,786.777
UID_68_5_10_all-9,687.235
UID_68_5_11_all-16,769.529
UID_68_5_2_all-12,785.577
UID_68_5_3_all-11,731.946
UID_68_5_4_all-10,816.942
UID_68_5_5_all-5,1030.74
UID_68_5_6_all-8,705.159
UID_68_5_7_all-10,744.482
UID_68_5_8_all-5,797.137
UID_68_5_9_all-12,726.971
UID_68_6_1_all-10,756.283
UID_68_6_2_all-9,770.907
UID_68_6_3_all-10,767.465
UID_68_6_4_all-15,694.281
UID_68_6_5_all-18,757.609
UID_68_6_6_all-11,801.386
UID_68_6_7_all-11,763.052
UID_68_6_8_all-11,748.219
UID_68_6_9_all-16,1308.34
UID_68_7_1_all-8,795.342
UID_68_7_2_all-10,804.958
UID_68_7_3_all-19,847.814
UID_68_8_1_all-15,755.92
UID_68_8_2_all-7,781.793
UID_68_8_3_all-11,1248.44
UID_68_9_1_all-18,794.445
UID_68_9_2_all-5,1276.54
UID_68_9_3_all-11,796.504
UID_68_9_4_all-8,759.184
UID_68_9_5_all-18,795.322
UID_68_9_6_all-6,748.574
UID_68_9_7_all-8,940.268
UID_68_9_8_all-7,795.462
UID_68_9_9_all-14,773.762
UID_72_1_1_all-18,1077.04
UID_72_14_1_all-13,801.36
UID_72_2_1_all-13,771.544
UID_72_28_1_all-5,785.139
UID_72_29_1_all-16,766.236
UID_72_3_1_all-25,802.743
UID_72_3_2_all-29,800.016
UID_72_30_1_all-23,807.088
UID_72_31_1_all-19,791.928
UID_72_32_1_all-23,789.01
UID_72_33_1_all-2,822.451
UID_72_5_1_all-10,843.723
UID_72_8_1_all-25,790.159
UID_72_8_2_all-2,746.065
UID_74_1_1_all-30,754.608
UID_74_1_2_all-26,758.57
UID_74_1_3_all-17,1284.86
UID_74_1_4_all-23,797.35
UID_74_11_1_all-29,736.843
UID_74_11_2_all-32,769.84
UID_74_12_1_all-12,791.961
UID_74_12_2_all-28,833.887
UID_74_13_1_all-15,746.885
UID_74_16_1_all-30,795.236
UID_74_17_1_all-38,741.332
UID_74_18_1_all-24,767.748
UID_74_18_2_all-12,705.233
UID_74_19_1_all-17,845.364
UID_74_2_1_all-19,747.115
UID_74_2_2_all-25,776.356
UID_74_2_3_all-30,836.198
UID_74_2_4_all-15,817.311
UID_74_20_1_all-19,789.591
UID_74_21_1_all-13,786.671
UID_74_22_1_all-20,811.132
UID_74_3_1_all-13,754.845
UID_74_3_2_all-12,1091.19
UID_74_3_3_all-14,1032.78
UID_74_36_1_all-5,775.128
UID_74_38_1_all-6,793.007
UID_74_6_1_all-17,791.32
UID_74_6_2_all-15,800.53
UID_74_7_1_all-8,766.544
UID_74_9_1_all-29,811.195
UID_74_9_2_all-29,838.021
UID_75_1_1_all-9,724.998
UID_75_1_2_all-35,778.941
UID_75_1_3_all-18,694.291
UID_75_1_4_all-23,729.636
UID_75_10_1_all,1181.02
UID_75_10_2_all,1442.09
UID_75_11_1_all-4,1170.64
UID_75_13_1_all-15,822.529
UID_75_13_2_all-27,719.916
UID_75_14_1_all-11,791.433
UID_75_14_2_all-21,734.771
UID_75_15_1_all-14,727.169
UID_75_15_2_all-17,723.782
UID_75_17_1_all-26,728.005
UID_75_17_2_all-19,695.153
UID_75_17_3_all-19,732.361
UID_75_18_1_all-29,743.429
UID_75_18_2_all-25,743.588
UID_75_2_1_all-15,675.445
UID_75_2_2_all-23,741.594
UID_75_21_1_all-30,711.682
UID_75_21_2_all-4,643.811
UID_75_21_3_all-8,644.975
UID_75_21_4_all,100.388
UID_75_22_1_all-8,703.923
UID_75_22_2_all-16,751.519
UID_75_22_3_all-28,723.919
UID_75_22_4_all-25,747.983
UID_75_23_1_all-5,768.415
UID_75_23_2_all-14,668.802
UID_75_23_3_all-21,701.408
UID_75_23_4_all-23,677.913
UID_75_24_1_all-17,738.104
UID_75_25_1_all-14,622.24
UID_75_25_2_all-17,689.318
UID_75_25_3_all-18,686.145
UID_75_26_1_all-16,684.086
UID_75_26_2_all-24,780.787
UID_75_26_3_all-26,829.873
UID_75_27_1_all-11,672.318
UID_75_27_2_all-28,779.023
UID_75_27_3_all-21,730.517
UID_75_27_4_all-17,686.363
UID_75_27_5_all-29,735.968
UID_75_27_6_all-25,709.682
UID_75_28_1_all-26,705.368
UID_75_28_2_all-22,1347.44
UID_75_28_3_all-34,753.326
UID_75_29_1_all-12,1403.4
UID_75_29_2_all-26,694.107
UID_75_29_3_all-31,697.05
UID_75_29_4_all-4,601.354
UID_75_29_5_all-18,646.884
UID_75_3_1_all-8,776.336
UID_75_3_2_all-9,679.939
UID_75_3_3_all-7,649.496
UID_75_3_4_all-8,653.893
UID_75_30_1_all-21,765.343
UID_75_30_2_all-30,1698.61
UID_75_30_3_all-27,747.352
UID_75_30_4_all-18,696.61
UID_75_30_5_all-20,712.709
UID_75_30_6_all-16,715.511
UID_75_32_1_all-22,668.222
UID_75_33_1_all-3,763.435
UID_75_33_2_all-3,1185.29
UID_75_34_1_all-19,651.022
UID_75_34_2_all-28,769.487
UID_75_34_3_all-16,654.599
UID_75_35_1_all-13,656.799
UID_75_35_2_all-30,711.138
UID_75_35_3_all-29,672.585
UID_75_36_1_all-28,883.139
UID_75_36_2_all-27,714.571
UID_75_36_3_all-11,682.758
UID_75_36_4_all-3,1158.46
UID_75_36_5_all-18,701.134
UID_75_36_6_all-18,689.603
UID_75_37_1_all-2,869.569
UID_75_37_2_all-20,648.26
UID_75_37_3_all-26,665.646
UID_75_4_1_all-18,1186.48
UID_75_5_1_all-40,791.912
UID_75_5_2_all-5,657.617
UID_75_5_3_all-9,1159.08
UID_75_6_1_all-35,783.594
UID_75_6_2_all-18,689.032
UID_75_6_3_all-14,709.959
UID_75_6_4_all-16,708.593
UID_75_6_5_all-23,735.389
UID_75_7_1_all-13,762.191
UID_75_7_2_all-13,786.889
UID_75_8_1_all-28,738.311
UID_75_8_2_all-8,647.504
UID_75_9_1_all-17,856.168
UID_75_9_2_all-21,874.243
UID_75_9_3_all-14,686.797
UID_75_9_4_all-10,682.532
UID_75_9_5_all-26,722.019
UID_78_1_1_all-8,577.938
UID_78_1_10_all-12,1505.1
UID_78_1_11_all-3,942.123
UID_78_1_12_all-6,1019.41
UID_78_1_13_all-17,663.159
UID_78_1_14_all-31,756.482
UID_78_1_2_all-9,596.137
UID_78_1_3_all-8,616.566
UID_78_1_4_all-17,614.311
UID_78_1_5_all-24,691.945
UID_78_1_6_all-30,803.621
UID_78_1_7_all-16,589.397
UID_78_1_8_all-25,711.104
UID_78_1_9_all-20,658.604
UID_78_10_1_all-18,620.298
UID_78_10_10_all-37,741.562
UID_78_10_11_all-28,1072.67
UID_78_10_12_all-29,904.861
UID_78_10_13_all-24,742.213
UID_78_10_14_all-30,853.65
UID_78_10_2_all-12,693.283
UID_78_10_3_all-32,733.73
UID_78_10_4_all-3,856.716
UID_78_10_5_all-41,151.809
UID_78_10_6_all-14,663.328
UID_78_10_7_all-30,677.038
UID_78_10_8_all-13,1121.93
UID_78_10_9_all-6,49.4608
UID_78_11_1_all-15,672.221
UID_78_11_2_all-16,813.455
UID_78_11_3_all-2,812.565
UID_78_12_1_all-35,808.348
UID_78_13_1_all-8,1130.44
UID_78_13_2_all-12,714
UID_78_13_3_all-5,871.882
UID_78_13_4_all-11,1022.48
UID_78_13_5_all-25,84.6756
UID_78_13_6_all,730.632
UID_78_14_1_all-3,743.215
UID_78_14_2_all-18,703.192
UID_78_14_3_all-9,822.74
UID_78_14_4_all-2,1171
UID_78_14_5_all-15,696.903
UID_78_14_6_all-3,663.17
UID_78_14_7_all-4,911.321
UID_78_14_8_all-4,932.153
UID_78_14_9_all-3,879.985
UID_78_15_1_all-12,1421.72
UID_78_15_2_all,740.676
UID_78_15_3_all-22,741.542
UID_78_15_4_all-23,1060.57
UID_78_16_1_all-9,737.492
UID_78_16_2_all-14,689.475
UID_78_16_3_all-9,964.791
UID_78_16_4_all-8,734.796
UID_78_16_5_all-8,1320.61
UID_78_17_1_all-24,889.378
UID_78_17_2_all-9,911.694
UID_78_17_3_all-12,1262.01
UID_78_17_4_all-7,698.512
UID_78_17_5_all-16,742.341
UID_78_17_6_all-11,690.791
UID_78_18_1_all-25,749.51
UID_78_18_2_all-18,943.146
UID_78_18_3_all-14,722.808
UID_78_18_4_all-5,949.404
UID_78_18_5_all-24,789.674
UID_78_18_6_all-23,733.513
UID_78_18_7_all-14,877.653
UID_78_18_8_all-21,731.41
UID_78_19_1_all-32,827.642
UID_78_19_2_all-38,937.162
UID_78_19_3_all-36,777.548
UID_78_19_4_all-20,1491.19
UID_78_2_1_all-30,627.475
UID_78_2_10_all-12,647.309
UID_78_2_11_all-10,724.283
UID_78_2_12_all-9,584.271
UID_78_2_13_all-24,604.372
UID_78_2_2_all-15,621.435
UID_78_2_3_all-5,634.086
UID_78_2_4_all-21,647.326
UID_78_2_5_all-12,1301.7
UID_78_2_6_all-4,650.855
UID_78_2_7_all-18,628.436
UID_78_2_8_all-9,1077.91
UID_78_2_9_all-21,647.473
UID_78_20_1_all-16,1034.39
UID_78_20_2_all-13,1186.54
UID_78_20_3_all-2,796.389
UID_78_20_4_all-5,1141.15
UID_78_20_5_all-21,733.273
UID_78_20_6_all-8,808.369
UID_78_20_7_all-27,714.145
UID_78_20_8_all-4,772.745
UID_78_20_9_all-5,786.059
UID_78_21_1_all-2,980.506
UID_78_21_2_all-11,1006.73
UID_78_21_3_all-27,1073.41
UID_78_21_4_all-13,951.609
UID_78_22_1_all-26,645.283
UID_78_22_2_all-34,745.059
UID_78_22_3_all-18,714.759
UID_78_22_4_all-25,725.477
UID_78_22_5_all-20,690.41
UID_78_22_6_all-27,641.641
UID_78_22_7_all-14,702.81
UID_78_22_8_all-20,715.676
UID_78_23_1_all-2,1244.93
UID_78_23_2_all-15,685.937
UID_78_23_3_all-25,770.656
UID_78_23_4_all-28,1564.83
UID_78_23_5_all-20,733.941
UID_78_24_1_all-23,1572.99
UID_78_24_10_all-12,780.188
UID_78_24_11_all-15,688.225
UID_78_24_2_all-23,735.741
UID_78_24_3_all-31,854.208
UID_78_24_4_all-23,818.081
UID_78_24_5_all-22,813.938
UID_78_24_6_all-26,749.332
UID_78_24_7_all-13,687.225
UID_78_24_8_all-6,793.93
UID_78_24_9_all-10,876.197
UID_78_25_1_all-9,613.846
UID_78_25_10_all-16,1429.46
UID_78_25_11_all-21,611.344
UID_78_25_12_all-8,816.097
UID_78_25_2_all-16,829.379
UID_78_25_3_all-10,724.741
UID_78_25_4_all-12,617.468
UID_78_25_5_all-2,1179.22
UID_78_25_6_all-5,661.259
UID_78_25_7_all-5,897.039
UID_78_25_8_all-7,702.738
UID_78_25_9_all-17,617.591
UID_78_26_1_all-40,883.416
UID_78_26_2_all-30,769.658
UID_78_26_3_all-11,627.702
UID_78_27_1_all-33,1005.52
UID_78_28_1_all-17,1665.03
UID_78_29_1_all-31,1675.09
UID_78_29_2_all-28,830.785
UID_78_29_3_all-36,826.897
UID_78_29_4_all-28,851.981
UID_78_29_5_all-50,842.853
UID_78_29_6_all-32,659.698
UID_78_29_7_all-24,1204.35
UID_78_29_8_all-18,656.417
UID_78_3_1_all-30,804.706
UID_78_3_2_all-25,1352.49
UID_78_3_3_all-20,664.201
UID_78_3_4_all-17,1416.54
UID_78_3_5_all-2,1035.56
UID_78_3_6_all-24,699.618
UID_78_3_7_all-13,797.6
UID_78_3_8_all-19,683.551
UID_78_3_9_all-42,719.442
UID_78_30_1_all-8,847.578
UID_78_30_2_all-21,786.385
UID_78_30_3_all,686.942
UID_78_30_4_all-5,712.02
UID_78_30_5_all-2,796.64
UID_78_30_6_all-21,626.703
UID_78_30_7_all-22,2306.93
UID_78_31_1_all-27,751.582
UID_78_31_2_all-18,675.111
UID_78_31_3_all-29,1081.3
UID_78_31_4_all-21,789.658
UID_78_31_5_all-31,709.615
UID_78_32_1_all-24,681.702
UID_78_32_2_all-37,770.674
UID_78_32_3_all-39,774.809
UID_78_32_4_all-30,812.363
UID_78_32_5_all-27,728.67
UID_78_33_1_all-12,1146.73
UID_78_33_2_all-7,756.156
UID_78_33_3_all-11,629.845
UID_78_33_4_all-27,701.149
UID_78_33_5_all-18,669.398
UID_78_33_6_all-6,670.101
UID_78_34_1_all-3,645.301
UID_78_34_2_all-12,628.527
UID_78_34_3_all-10,615.695
UID_78_34_4_all-21,628.052
UID_78_34_5_all-20,609.064
UID_78_34_6_all-7,608.634
UID_78_34_7_all-13,650.575
UID_78_34_8_all-21,1349.74
UID_78_35_1_all-17,781.916
UID_78_35_2_all-18,796.135
UID_78_35_3_all-31,697.497
UID_78_35_4_all-29,784.844
UID_78_35_5_all-18,701.238
UID_78_36_1_all-12,654.03
UID_78_36_2_all-4,660.999
UID_78_36_3_all-6,1125.67
UID_78_4_1_all-10,1186.44
UID_78_4_2_all-27,1356.08
UID_78_4_3_all-49,802.689
UID_78_4_4_all-14,783.998
UID_78_4_5_all-34,718.725
UID_78_4_6_all-39,1000.3
UID_78_6_1_all-48,1290.82
UID_78_6_2_all-34,778.222
UID_78_7_1_all-6,729.04
UID_78_7_2_all-25,808.007
UID_78_8_1_all-19,766.03
UID_78_8_2_all-34,770.053
UID_78_8_3_all-41,787.845
UID_78_8_4_all-20,803.784
UID_78_9_1_all-23,825.145
UID_78_9_2_all-30,1109.6
UID_78_9_3_all-8,732.048
UID_78_9_4_all-10,666.028
UID_78_9_5_all,754.77
UID_78_9_6_all-24,634.687
UID_78_9_7_all,751.87