Contour,Path Length
UID_16_11_1_all-13,756.529
UID_16_12_1_all-6,731.33
UID_16_12_2_all-15,743.325
UID_16_12_3_all-19,706.982
UID_16_12_4_all-10,928.593
UID_16_13_1_all-3,1791.71
UID_16_13_2_all-20,804.632
UID_16_15_1_all-11,1232.86
UID_16_16_1_all-2,694.108
UID_16_17_1_all-2,709.327
UID_16_17_2_all,1165.71
UID_16_18_1_all-5,1236.97
UID_16_19_1_all-6,749.508
UID_16_1_1_all-19,792.048
UID_16_1_2_all-20,786.345
UID_16_1_3_all-11,682.111
UID_16_20_1_all-10,728.928
UID_16_21_1_all-12,785.107
UID_16_22_1_all-16,765.039
UID_16_23_1_all-21,983.113
UID_16_23_2_all-28,697.822
UID_16_24_1_all-15,794.189
UID_16_26_1_all-10,892.358
UID_16_27_1_all-18,814.057
UID_16_27_2_all-12,690.552
UID_16_28_1_all-13,801.911
UID_16_28_2_all-7,820.542
UID_16_29_1_all-14,1034.12
UID_16_2_1_all-19,813.211
UID_16_2_2_all-7,666.919
UID_16_30_1_all-15,786.577
UID_16_30_2_all-8,1569.04
UID_16_34_1_all-13,1064.3
UID_16_34_2_all-8,964.358
UID_16_34_3_all-2,1388.88
UID_16_34_4_all-5,1191.36
UID_16_36_1_all-15,1619.71
UID_16_37_1_all-23,786.661
UID_16_38_1_all-18,666.451
UID_16_39_1_all-8,704.536
UID_16_3_1_all-9,671.1
UID_16_3_2_all-12,706.754
UID_16_3_3_all-20,714.392
UID_16_3_4_all-13,763.219
UID_16_40_1_all-2,731.044
UID_16_4_1_all-5,719.14
UID_16_5_1_all-2,1162.28
UID_16_6_1_all-10,1448.41
UID_16_6_2_all-13,915.754
UID_16_6_3_all-17,774.821
UID_16_6_4_all-12,660.952
UID_16_8_1_all-5,735.028
UID_16_8_2_all-9,1260.29
UID_23_10_1_all-3,677.196
UID_23_10_2_all-20,699.464
UID_23_11_1_all-15,807.734
UID_23_13_1_all-4,689.25
UID_23_13_2_all-14,819.058
UID_23_14_1_all-12,641.263
UID_23_15_1_all-19,715.712
UID_23_15_2_all-14,705.196
UID_23_15_3_all-21,937.663
UID_23_16_1_all-3,625.793
UID_23_16_2_all-15,672.987
UID_23_16_3_all-16,717.354
UID_23_16_4_all-24,690.364
UID_23_17_1_all-2,632.613
UID_23_17_2_all-2,766.81
UID_23_17_3_all-2,1432.78
UID_23_17_4_all,1107.37
UID_23_17_5_all-2,652.889
UID_23_18_1_all-6,668.836
UID_23_18_2_all-15,707.915
UID_23_18_3_all-16,752.443
UID_23_19_1_all-6,761.871
UID_23_19_2_all-3,665.455
UID_23_19_3_all-12,747.232
UID_23_1_1_all-9,721.853
UID_23_20_1_all-18,803.852
UID_23_20_2_all-16,694.829
UID_23_20_3_all-11,1329.96
UID_23_21_1_all-7,1032.32
UID_23_21_2_all-18,1200.56
UID_23_23_1_all-2,1221.85
UID_23_23_2_all,1035.73
UID_23_23_3_all-6,640.362
UID_23_24_1_all-26,745.825
UID_23_24_2_all-8,636.013
UID_23_25_1_all-2,716.306
UID_23_25_2_all-2,732.637
UID_23_25_3_all-2,700.736
UID_23_27_1_all-8,682.069
UID_23_28_1_all-4,681.081
UID_23_28_2_all-11,658.564
UID_23_28_3_all-7,750.463
UID_23_29_1_all-15,570.856
UID_23_29_2_all-8,559.2
UID_23_29_3_all-9,605.587
UID_23_29_4_all-16,609.735
UID_23_2_1_all-3,913.433
UID_23_2_2_all-2,706.352
UID_23_30_1_all-11,617.674
UID_23_30_2_all-3,597.131
UID_23_30_3_all-15,659.524
UID_23_30_4_all-8,607.321
UID_23_31_1_all-11,1329.08
UID_23_31_2_all-7,660.232
UID_23_31_3_all-13,791.393
UID_23_31_4_all-6,624.834
UID_23_31_5_all-15,625.486
UID_23_32_1_all,975.676
UID_23_32_2_all-15,738.497
UID_23_32_3_all-15,705.085
UID_23_33_1_all-14,699.672
UID_23_33_2_all-6,636.142
UID_23_34_1_all-11,622.305
UID_23_34_2_all-14,640.006
UID_23_34_3_all-14,681.733
UID_23_34_4_all-11,604.065
UID_23_34_5_all-9,592.223
UID_23_35_1_all-9,671.559
UID_23_35_2_all-14,689.054
UID_23_35_3_all-14,697.267
UID_23_35_4_all-8,659.556
UID_23_35_5_all-18,1480.98
UID_23_36_1_all-3,654.048
UID_23_36_2_all-6,655.162
UID_23_36_3_all-6,683.008
UID_23_37_1_all-5,686.781
UID_23_37_2_all-4,699.034
UID_23_37_3_all-11,835.236
UID_23_38_1_all-15,695.056
UID_23_38_2_all-12,909.776
UID_23_38_3_all-18,959.828
UID_23_38_4_all-16,739.789
UID_23_3_1_all-10,1352.33
UID_23_4_1_all-4,1446.31
UID_23_4_2_all-20,789.559
UID_23_4_3_all-13,1531.61
UID_23_4_4_all-19,1406.56
UID_23_5_1_all-6,1507.89
UID_23_5_2_all-12,697.499
UID_23_5_3_all-2,72.7419
UID_23_6_1_all-23,708.198
UID_23_7_1_all-8,629.084
UID_23_7_2_all,1123.39
UID_23_7_3_all-9,1197.69
UID_23_8_1_all-12,807.57
UID_23_8_2_all-5,1352.67
UID_23_9_1_all-12,1382.32
UID_2_10_1_all-5,628.325
UID_2_10_2_all-13,795.227
UID_2_11_1_all-5,1371.02
UID_2_11_2_all-9,744.541
UID_2_12_1_all-8,690.954
UID_2_12_2_all-12,745.749
UID_2_12_3_all-2,646.151
UID_2_13_1_all-3,1431.75
UID_2_13_2_all-3,807.69
UID_2_13_3_all-7,948.74
UID_2_13_4_all-3,663.402
UID_2_13_5_all-2,934.863
UID_2_13_6_all,112.239
UID_2_13_7_all-6,691.937
UID_2_13_8_all-12,748.159
UID_2_14_1_all-16,1014.23
UID_2_14_2_all-17,852.76
UID_2_14_3_all-17,779.017
UID_2_15_1_all-19,725.758
UID_2_16_1_all-4,976.478
UID_2_16_2_all-5,629.004
UID_2_16_3_all-11,698.403
UID_2_17_1_all-17,229.946
UID_2_17_2_all-10,1245.47
UID_2_19_1_all-3,741.299
UID_2_1_1_all-15,785.993
UID_2_1_2_all-13,863.134
UID_2_20_1_all-13,768.15
UID_2_20_2_all-20,834.385
UID_2_21_1_all-8,650.434
UID_2_21_2_all-7,677.04
UID_2_21_3_all-11,669.052
UID_2_21_4_all-16,753.267
UID_2_25_1_all-6,1567.7
UID_2_25_2_all-18,800.112
UID_2_27_1_all-7,1209.16
UID_2_27_2_all-3,684.398
UID_2_28_1_all-5,686.568
UID_2_28_2_all-3,725.213
UID_2_28_3_all-3,762.559
UID_2_28_4_all-9,647.248
UID_2_29_1_all-9,728.008
UID_2_29_2_all-9,727.818
UID_2_29_3_all-7,782.001
UID_2_2_1_all-11,689.463
UID_2_30_1_all-12,672.308
UID_2_30_2_all-4,727.222
UID_2_31_1_all-9,636.411
UID_2_31_2_all-11,652.27
UID_2_31_3_all-4,705.033
UID_2_31_4_all-7,558.806
UID_2_31_5_all-4,667.914
UID_2_31_6_all-26,680.512
UID_2_31_7_all-2,719.89
UID_2_32_1_all-8,783.181
UID_2_32_2_all-11,612.577
UID_2_32_3_all-9,630.913
UID_2_32_4_all-7,3468.39
UID_2_33_1_all-21,812.225
UID_2_33_2_all-21,791.464
UID_2_33_3_all-4,4508.3
UID_2_33_4_all-3,1415.09
UID_2_33_5_all-2,107.951
UID_2_36_1_all-22,770.194
UID_2_3_1_all-11,767.959
UID_2_3_2_all-15,731.665
UID_2_3_3_all-12,772.866
UID_2_3_4_all-8,763.415
UID_2_5_1_all-13,871.456
UID_2_5_2_all-8,791.139
UID_2_5_3_all-10,660.743
UID_2_5_4_all-7,604.857
UID_2_5_5_all-11,685.663
UID_2_6_1_all-9,696.547
UID_2_6_2_all-12,732.122
UID_2_6_3_all-21,736.586
UID_2_6_4_all-2,130.716
UID_2_8_1_all-6,801.952
UID_2_8_2_all-11,852.002
UID_2_8_3_all-5,671.906
UID_2_9_1_all-4,675.416
UID_2_9_2_all-2,615.485
UID_2_9_3_all-4,616.706
UID_2_9_4_all-6,677.607
UID_30_10_1_all-4,1181.22
UID_30_10_2_all-5,403.793
UID_30_10_3_all-9,1116.56
UID_30_10_4_all-19,736.021
UID_30_10_5_all-22,683.708
UID_30_10_6_all-10,606.332
UID_30_10_7_all-13,526.024
UID_30_10_8_all-18,800.204
UID_30_11_1_all-14,617.162
UID_30_11_2_all-8,656.21
UID_30_11_3_all-7,370.788
UID_30_11_4_all-5,655.276
UID_30_11_5_all-13,611.161
UID_30_11_6_all-21,637.919
UID_30_11_7_all-7,580.359
UID_30_11_8_all-19,744.968
UID_30_12_1_all-17,693.629
UID_30_12_2_all-17,719.257
UID_30_12_3_all-2,566.419
UID_30_12_4_all-21,677.677
UID_30_12_5_all-13,673.942
UID_30_12_6_all-20,678.199
UID_30_12_7_all-20,688.497
UID_30_12_8_all-16,631.281
UID_30_13_1_all-13,759.619
UID_30_13_2_all-13,642.963
UID_30_13_3_all-4,609.097
UID_30_13_4_all-3,546.496
UID_30_13_5_all-17,745.549
UID_30_14_10_all-19,600.652
UID_30_14_11_all-15,587.577
UID_30_14_1_all-18,727.604
UID_30_14_2_all-28,742.712
UID_30_14_3_all-12,733.367
UID_30_14_4_all-22,626.357
UID_30_14_5_all-5,570.671
UID_30_14_6_all-22,697.209
UID_30_14_7_all-22,598.995
UID_30_14_8_all-10,558.478
UID_30_14_9_all-9,596.831
UID_30_15_1_all-10,651.127
UID_30_15_2_all-11,758.364
UID_30_15_3_all-27,700.756
UID_30_15_4_all-10,683.251
UID_30_15_5_all-5,541.91
UID_30_15_6_all-15,642.169
UID_30_16_1_all-20,667.653
UID_30_16_2_all-6,578.719
UID_30_16_3_all-14,629.971
UID_30_16_4_all-20,722.291
UID_30_17_1_all-18,647.567
UID_30_17_2_all-21,675.493
UID_30_17_3_all-22,620.352
UID_30_17_4_all-13,656.672
UID_30_17_5_all-11,606.417
UID_30_17_6_all-3,1151.83
UID_30_18_10_all-7,599.87
UID_30_18_1_all-17,702.449
UID_30_18_2_all-15,679.228
UID_30_18_3_all-3,584.571
UID_30_18_4_all-16,592.741
UID_30_18_5_all-4,582.512
UID_30_18_6_all-2,578.624
UID_30_18_7_all-13,636.201
UID_30_18_8_all-6,595.097
UID_30_18_9_all-2,582.633
UID_30_19_1_all-15,681.818
UID_30_19_2_all-20,663.374
UID_30_19_3_all-3,551.901
UID_30_19_4_all-16,633.128
UID_30_19_5_all-5,566.928
UID_30_1_1_all-11,651.056
UID_30_1_2_all-6,597.532
UID_30_1_3_all-13,617.535
UID_30_1_4_all-20,663.756
UID_30_1_5_all-15,630.667
UID_30_1_6_all-8,635.872
UID_30_1_7_all-4,647.307
UID_30_20_1_all-7,588.568
UID_30_20_2_all-6,601.158
UID_30_20_3_all-7,824.42
UID_30_20_4_all-14,615.426
UID_30_21_1_all-7,707.146
UID_30_21_2_all-31,689.23
UID_30_21_3_all-6,556.381
UID_30_21_4_all-11,580.917
UID_30_21_5_all-19,610.325
UID_30_21_6_all-9,569.021
UID_30_22_1_all-6,663.627
UID_30_22_2_all-6,527.452
UID_30_22_3_all-12,588.734
UID_30_22_4_all-21,590.843
UID_30_22_5_all-13,668.247
UID_30_23_1_all-9,657.136
UID_30_23_2_all-3,547.627
UID_30_23_3_all-19,1597
UID_30_23_4_all-6,547.355
UID_30_23_5_all-5,570.878
UID_30_23_6_all-2,580.823
UID_30_23_7_all-11,593.696
UID_30_23_8_all-9,464.521
UID_30_24_1_all-2,649.988
UID_30_25_1_all-13,547.743
UID_30_25_2_all-14,574.073
UID_30_25_3_all-10,525.342
UID_30_25_4_all-15,625.792
UID_30_25_5_all-14,672.591
UID_30_25_6_all-11,529.534
UID_30_26_1_all-4,518.762
UID_30_26_2_all-4,608.413
UID_30_26_3_all-11,561.141
UID_30_26_4_all-5,585.065
UID_30_26_5_all-17,591.729
UID_30_27_10_all-22,750.199
UID_30_27_11_all-5,550.867
UID_30_27_1_all-22,652.545
UID_30_27_2_all-7,570.337
UID_30_27_3_all-3,568.317
UID_30_27_4_all-8,628.652
UID_30_27_5_all-8,642.947
UID_30_27_6_all-8,694.052
UID_30_27_7_all-11,607.175
UID_30_27_8_all-21,703.449
UID_30_27_9_all-8,615.573
UID_30_28_1_all-16,600.946
UID_30_28_2_all-22,931.659
UID_30_28_3_all-3,536.553
UID_30_28_4_all-8,590.111
UID_30_28_5_all-19,750.755
UID_30_28_6_all-2,917.014
UID_30_28_7_all-5,553.993
UID_30_28_8_all-19,796.799
UID_30_28_9_all-7,565.079
UID_30_2_1_all-9,764.343
UID_30_2_2_all-5,625.04
UID_30_2_3_all-25,802.329
UID_30_2_4_all-9,1068.76
UID_30_2_5_all-9,600.946
UID_30_3_10_all-17,776.688
UID_30_3_11_all-10,688.333
UID_30_3_1_all-5,601.922
UID_30_3_2_all-3,593.898
UID_30_3_3_all-13,617.851
UID_30_3_4_all-3,628.355
UID_30_3_5_all-13,647.285
UID_30_3_6_all-16,1147.28
UID_30_3_7_all-9,695.033
UID_30_3_8_all-12,727.633
UID_30_3_9_all-4,1069
UID_30_4_1_all-5,651.138
UID_30_4_2_all-11,640.854
UID_30_4_3_all-10,604.961
UID_30_4_4_all-26,728.214
UID_30_4_5_all-20,695.538
UID_30_4_6_all-18,1358.11
UID_30_4_7_all-15,607
UID_30_4_8_all-8,1143.28
UID_30_4_9_all-4,833.252
UID_30_5_1_all-3,1145.83
UID_30_5_2_all-9,1128.76
UID_30_5_3_all-8,598.675
UID_30_5_4_all-5,635.133
UID_30_5_5_all-25,738.628
UID_30_5_6_all-6,609.491
UID_30_5_7_all-16,821.467
UID_30_6_10_all-2,1125.86
UID_30_6_11_all-3,588.113
UID_30_6_12_all-15,682.114
UID_30_6_1_all-25,729.003
UID_30_6_2_all-9,646.317
UID_30_6_3_all-13,653.539
UID_30_6_4_all-9,633.485
UID_30_6_5_all-7,589.415
UID_30_6_6_all-25,716.69
UID_30_6_7_all-8,1054.57
UID_30_6_8_all-13,708.829
UID_30_6_9_all-9,561.526
UID_30_7_1_all-17,688.356
UID_30_7_2_all-9,1065.27
UID_30_7_3_all-6,420.263
UID_30_7_4_all-14,709.144
UID_30_7_5_all-4,975.869
UID_30_7_6_all-19,777.663
UID_30_7_7_all-2,596.058
UID_30_7_8_all-5,640.471
UID_30_8_1_all-4,307.593
UID_30_8_2_all-17,1185.27
UID_30_8_3_all-12,620.78
UID_30_8_4_all-12,1338.94
UID_30_8_5_all-5,1089.13
UID_30_8_6_all-23,1232.53
UID_30_8_7_all-14,633.222
UID_30_8_8_all-8,493.764
UID_30_8_9_all-14,1109.85
UID_30_9_1_all-16,707.566
UID_30_9_2_all-15,653.384
UID_30_9_3_all-9,791.012
UID_30_9_4_all-10,659.14
UID_30_9_5_all-23,813.353
UID_30_9_6_all-20,1133.05
UID_30_9_7_all-11,1117.51
UID_32_10_10_all-13,698.97
UID_32_10_1_all-18,754.523
UID_32_10_2_all-16,733.575
UID_32_10_3_all-4,603.177
UID_32_10_4_all-15,750.238
UID_32_10_5_all-3,1196.31
UID_32_10_6_all-15,1659.8
UID_32_10_7_all-18,1545.12
UID_32_10_8_all-23,738.331
UID_32_10_9_all-24,742.909
UID_32_11_1_all-19,827.642
UID_32_11_2_all-26,1621.77
UID_32_11_3_all-27,739.633
UID_32_12_1_all-17,669.63
UID_32_12_2_all-16,1238.52
UID_32_12_3_all-6,1232.78
UID_32_12_4_all-23,784.411
UID_32_13_1_all-22,808.853
UID_32_13_2_all-28,789.734
UID_32_13_3_all-26,797.126
UID_32_13_4_all-13,1440.31
UID_32_13_5_all-7,664.448
UID_32_13_6_all-7,1531.26
UID_32_13_7_all-20,769.449
UID_32_13_8_all-13,1486.22
UID_32_13_9_all-20,750.906
UID_32_14_1_all-15,779.179
UID_32_14_2_all-17,808.942
UID_32_15_1_all-29,830.845
UID_32_15_2_all-16,796.04
UID_32_15_3_all-18,777.309
UID_32_16_1_all-20,1509.3
UID_32_16_2_all-6,881.964
UID_32_17_1_all-21,806.899
UID_32_17_2_all-9,909.447
UID_32_18_1_all-16,802.232
UID_32_18_2_all-19,1410.26
UID_32_18_3_all-26,770.826
UID_32_18_4_all-27,785.682
UID_32_18_5_all-23,751.829
UID_32_19_1_all-16,782.24
UID_32_19_2_all-15,1422.1
UID_32_19_3_all-15,758.401
UID_32_1_1_all-38,818.58
UID_32_1_2_all-33,792.764
UID_32_1_3_all-18,787.684
UID_32_1_4_all-41,794.623
UID_32_1_5_all-23,730.974
UID_32_1_6_all-23,817.737
UID_32_20_1_all-23,774.424
UID_32_21_1_all-24,781.62
UID_32_21_2_all-20,791.11
UID_32_21_3_all-31,774.873
UID_32_21_4_all-23,765.835
UID_32_21_5_all-13,698.715
UID_32_21_6_all-31,1683.19
UID_32_21_7_all-6,667.726
UID_32_22_1_all-17,734.948
UID_32_22_2_all-7,602.648
UID_32_22_3_all-19,670.323
UID_32_22_4_all-7,605.309
UID_32_22_5_all-17,695.836
UID_32_22_6_all-17,685.607
UID_32_23_1_all-23,656.797
UID_32_23_2_all-14,1329.69
UID_32_23_3_all-12,1534.54
UID_32_23_4_all-16,791.595
UID_32_23_5_all-18,746.436
UID_32_23_6_all-22,769.521
UID_32_24_1_all-11,669.637
UID_32_24_2_all-20,1367.65
UID_32_24_3_all-22,784.578
UID_32_24_4_all-5,813.818
UID_32_24_5_all-17,794.438
UID_32_24_6_all-26,741.368
UID_32_24_7_all-11,764.374
UID_32_25_1_all-11,686.317
UID_32_25_2_all-11,719.851
UID_32_25_3_all-5,642.886
UID_32_25_4_all-19,713.715
UID_32_26_10_all-12,649.843
UID_32_26_11_all-12,739.654
UID_32_26_1_all-4,650.179
UID_32_26_2_all-13,698.782
UID_32_26_3_all-20,1289.82
UID_32_26_4_all-14,1700.3
UID_32_26_5_all-25,761.178
UID_32_26_6_all-8,1221.54
UID_32_26_7_all-19,1961.73
UID_32_26_8_all-11,1254.53
UID_32_26_9_all-33,1428.92
UID_32_27_1_all-14,1101.96
UID_32_27_2_all-27,787.246
UID_32_27_3_all-8,738.034
UID_32_28_1_all-27,783.717
UID_32_28_2_all-21,1589
UID_32_28_3_all-22,721.617
UID_32_28_4_all-20,713.802
UID_32_28_5_all-17,1624.1
UID_32_29_1_all-15,675.75
UID_32_29_2_all-14,1309.57
UID_32_29_3_all-7,818.702
UID_32_29_4_all-15,795.933
UID_32_29_5_all-28,743.044
UID_32_29_6_all-32,748.033
UID_32_29_7_all-30,764.909
UID_32_29_8_all-11,664.316
UID_32_29_9_all-27,700.392
UID_32_2_1_all-25,1324.43
UID_32_2_2_all-20,670.657
UID_32_2_3_all-13,673.483
UID_32_2_4_all-12,1300.28
UID_32_2_5_all-20,1507.94
UID_32_2_6_all-19,703.446
UID_32_2_7_all-27,790.98
UID_32_30_1_all-23,769.574
UID_32_30_2_all-5,709.165
UID_32_30_3_all-9,1565.61
UID_32_30_4_all-18,724.349
UID_32_30_5_all-13,805.165
UID_32_31_1_all-20,748.717
UID_32_31_2_all-18,813.002
UID_32_31_3_all-5,757.807
UID_32_31_4_all-6,601.267
UID_32_31_5_all-12,769.498
UID_32_31_6_all-15,710.515
UID_32_32_1_all-15,1542.22
UID_32_32_2_all-20,678.743
UID_32_32_3_all-17,766.744
UID_32_33_1_all-17,685.912
UID_32_33_2_all-15,687.216
UID_32_33_3_all-10,675.852
UID_32_33_4_all-17,676.889
UID_32_33_5_all-17,714.785
UID_32_33_6_all-17,1477.21
UID_32_33_7_all-20,1272.08
UID_32_34_10_all-5,1257.02
UID_32_34_11_all-7,723.46
UID_32_34_12_all-9,700.475
UID_32_34_1_all-3,746.747
UID_32_34_2_all-9,654.144
UID_32_34_3_all-5,728.574
UID_32_34_4_all-6,617.159
UID_32_34_5_all-4,612.491
UID_32_34_6_all-19,783.739
UID_32_34_7_all-15,695.122
UID_32_34_8_all-8,732.036
UID_32_34_9_all-15,725.216
UID_32_35_1_all-20,708.509
UID_32_35_2_all-27,793.506
UID_32_35_3_all-12,680.249
UID_32_35_4_all-19,668.906
UID_32_35_5_all-14,697.913
UID_32_36_1_all-18,729.586
UID_32_36_2_all-21,767.402
UID_32_36_3_all-14,1432.61
UID_32_37_1_all-17,758.885
UID_32_37_2_all-33,843.506
UID_32_37_3_all-27,805.017
UID_32_37_4_all-33,770.349
UID_32_37_5_all-22,737.1
UID_32_37_6_all-24,799.799
UID_32_38_1_all-12,721.651
UID_32_38_2_all-12,796.945
UID_32_3_1_all-30,853.269
UID_32_3_2_all-29,741.082
UID_32_3_3_all-23,719.466
UID_32_3_4_all-19,794.863
UID_32_3_5_all-29,816.086
UID_32_3_6_all-10,1231.5
UID_32_3_7_all-29,784.863
UID_32_3_8_all-22,687.583
UID_32_4_1_all-15,862.933
UID_32_4_2_all-21,748.675
UID_32_4_3_all-15,722.567
UID_32_4_4_all-17,763.445
UID_32_5_1_all-28,777.472
UID_32_5_2_all-32,1672.73
UID_32_5_3_all-11,1182.07
UID_32_6_1_all-19,750.727
UID_32_6_2_all-25,699.422
UID_32_6_3_all-19,766.769
UID_32_6_4_all-23,746.53
UID_32_6_5_all-3,631.058
UID_32_6_6_all-33,1061.03
UID_32_6_7_all-6,1150
UID_32_6_8_all-19,789.205
UID_32_7_10_all-14,869.893
UID_32_7_11_all-32,739.796
UID_32_7_12_all-28,753.412
UID_32_7_13_all-15,717.123
UID_32_7_1_all-7,269.535
UID_32_7_2_all-17,878.121
UID_32_7_3_all-15,853.405
UID_32_7_4_all-12,1445.54
UID_32_7_5_all-27,744.699
UID_32_7_6_all-21,743.186
UID_32_7_7_all-26,764.01
UID_32_7_8_all-18,756.942
UID_32_7_9_all-29,735.792
UID_32_8_1_all-16,709.418
UID_32_8_2_all-4,672.32
UID_32_8_3_all-21,664.346
UID_32_8_4_all-19,678.762
UID_32_8_5_all-6,820.619
UID_32_8_6_all-16,620.797
UID_32_8_7_all-31,818.555
UID_32_8_8_all-13,645.654
UID_32_8_9_all-21,1235.29
UID_32_9_1_all-16,1142.56
UID_32_9_2_all-26,744.334
UID_32_9_3_all-22,714.097
UID_33_10_1_all-2,616.355
UID_33_10_2_all-3,598.073
UID_33_10_3_all-3,1143.82
UID_33_10_4_all-8,697.427
UID_33_10_5_all-2,649.006
UID_33_10_6_all,1254.74
UID_33_11_1_all-21,694.82
UID_33_12_1_all-5,720.184
UID_33_12_2_all-6,598.315
UID_33_12_3_all-16,712.318
UID_33_12_4_all-18,855.506
UID_33_12_5_all-18,139.756
UID_33_12_6_all-7,876.632
UID_33_13_1_all-15,636.151
UID_33_13_2_all-15,1006.87
UID_33_13_3_all-22,718.567
UID_33_13_4_all-6,757.714
UID_33_14_1_all-7,721.234
UID_33_14_2_all-10,812.598
UID_33_14_3_all-12,755.675
UID_33_14_4_all-10,565.31
UID_33_14_5_all-5,700.354
UID_33_15_1_all-2,650.597
UID_33_15_2_all-3,672.587
UID_33_15_3_all-5,643.486
UID_33_15_4_all-15,651.042
UID_33_16_1_all-8,656.768
UID_33_16_2_all-9,719.054
UID_33_16_3_all-9,596.075
UID_33_16_4_all-25,715.959
UID_33_16_5_all-6,749.634
UID_33_17_1_all-3,749.021
UID_33_18_1_all-14,800.834
UID_33_18_2_all-16,935.938
UID_33_18_3_all-14,651.69
UID_33_19_1_all-3,824.882
UID_33_19_2_all-9,702.092
UID_33_1_1_all-6,678.532
UID_33_1_2_all-6,1142.6
UID_33_1_3_all-10,1172.61
UID_33_1_4_all-3,643.513
UID_33_1_5_all-7,612.304
UID_33_1_6_all-9,636.771
UID_33_1_7_all-10,644.787
UID_33_1_8_all-5,693.684
UID_33_20_1_all-6,647.936
UID_33_20_2_all-4,610.263
UID_33_20_3_all-9,783.579
UID_33_20_4_all-3,719.327
UID_33_21_1_all-10,693.778
UID_33_21_2_all-7,731.809
UID_33_21_3_all-7,748.516
UID_33_21_4_all-4,713.319
UID_33_21_5_all-5,746.633
UID_33_21_6_all-17,783.999
UID_33_21_7_all-10,740.683
UID_33_21_8_all-9,682.217
UID_33_22_1_all-8,660.904
UID_33_22_2_all-13,725.938
UID_33_22_3_all-7,719.205
UID_33_22_4_all-12,640.202
UID_33_22_5_all-6,751.694
UID_33_23_1_all-18,705.637
UID_33_23_2_all-10,723.785
UID_33_23_3_all-16,909.998
UID_33_23_4_all-9,705.59
UID_33_23_5_all-20,762.367
UID_33_24_1_all-16,743.082
UID_33_24_2_all-10,941.188
UID_33_24_3_all-11,587.744
UID_33_24_4_all-7,656.562
UID_33_24_5_all-15,844.691
UID_33_24_6_all-18,691.257
UID_33_24_7_all-8,772.378
UID_33_25_1_all-5,676.146
UID_33_25_2_all-8,609.997
UID_33_25_3_all-18,656.397
UID_33_25_4_all-6,812.938
UID_33_25_5_all-19,665.15
UID_33_25_6_all-10,723.135
UID_33_26_1_all-26,1082.51
UID_33_26_2_all-25,736.675
UID_33_26_3_all-16,662.013
UID_33_26_4_all-14,634.55
UID_33_27_1_all-17,749.729
UID_33_27_2_all-11,738.733
UID_33_27_3_all-24,669.405
UID_33_27_4_all-14,613.503
UID_33_27_5_all-11,695.968
UID_33_28_1_all-12,809.899
UID_33_28_2_all-15,665.047
UID_33_28_3_all-7,779.349
UID_33_28_4_all-11,645.09
UID_33_28_5_all-6,674.772
UID_33_28_6_all-18,666.912
UID_33_28_7_all-23,692.392
UID_33_29_1_all-13,744.51
UID_33_29_2_all-10,751.541
UID_33_29_3_all-13,789.457
UID_33_29_4_all-19,734.137
UID_33_29_5_all-13,632.183
UID_33_29_6_all-17,718.225
UID_33_29_7_all-10,681.471
UID_33_2_1_all-15,595.874
UID_33_2_2_all-15,669.323
UID_33_2_3_all-11,711.055
UID_33_2_4_all-16,681.635
UID_33_2_5_all-14,673.032
UID_33_2_6_all-12,635.963
UID_33_2_7_all-12,738.203
UID_33_2_8_all-4,760.061
UID_33_30_1_all-4,638.513
UID_33_30_2_all-3,562.518
UID_33_30_3_all-13,646.039
UID_33_30_4_all-20,1177.44
UID_33_30_5_all-10,805.662
UID_33_31_1_all-5,665.962
UID_33_31_2_all-4,872.605
UID_33_32_1_all-34,673.663
UID_33_32_2_all-10,675.979
UID_33_32_3_all-29,705.979
UID_33_32_4_all-12,647.601
UID_33_32_5_all-13,666.605
UID_33_32_6_all-46,747.169
UID_33_33_1_all-19,740.083
UID_33_33_2_all-10,819.934
UID_33_34_1_all-21,739.006
UID_33_36_1_all-24,678.758
UID_33_36_2_all-19,744.485
UID_33_36_3_all-21,699.501
UID_33_36_4_all-33,700.393
UID_33_36_5_all-17,733.133
UID_33_37_1_all-6,820.225
UID_33_3_1_all-11,1181.09
UID_33_3_2_all-3,644.975
UID_33_3_3_all-6,672.234
UID_33_3_4_all-9,614.336
UID_33_3_5_all-7,638.432
UID_33_3_6_all-17,646.079
UID_33_3_7_all-13,743.437
UID_33_4_10_all-8,670.591
UID_33_4_11_all-23,720.361
UID_33_4_12_all-19,1452.59
UID_33_4_13_all-20,818.605
UID_33_4_14_all-13,628.928
UID_33_4_1_all-9,624.657
UID_33_4_2_all-37,766.433
UID_33_4_3_all-11,604.774
UID_33_4_4_all-15,675.475
UID_33_4_5_all-13,663.501
UID_33_4_6_all-17,769.216
UID_33_4_7_all-19,696.422
UID_33_4_8_all-9,818.611
UID_33_4_9_all-32,784.607
UID_33_5_1_all-16,706.091
UID_33_5_2_all-12,647.835
UID_33_5_3_all-7,719.641
UID_33_5_4_all-12,706.108
UID_33_5_5_all-23,766.439
UID_33_6_1_all-7,792.847
UID_33_6_2_all-13,870.502
UID_33_6_3_all-21,798.515
UID_33_6_4_all-15,804.998
UID_33_7_10_all-12,884.151
UID_33_7_11_all-7,626.934
UID_33_7_12_all-8,1214.65
UID_33_7_1_all-15,664.671
UID_33_7_2_all-4,588.271
UID_33_7_3_all-26,763.505
UID_33_7_4_all-7,720.72
UID_33_7_5_all-9,680.475
UID_33_7_6_all-6,711.621
UID_33_7_7_all-12,621.699
UID_33_7_8_all-18,786.474
UID_33_7_9_all-20,768.983
UID_33_8_1_all-11,718.806
UID_33_8_2_all-9,716.114
UID_33_9_1_all-9,651.08
UID_33_9_2_all-10,680.31
UID_33_9_3_all-22,868.649
UID_33_9_4_all-17,784.156
UID_34_10_10_all-10,743.865
UID_34_10_11_all-12,546.561
UID_34_10_1_all-18,755.217
UID_34_10_2_all-13,659.315
UID_34_10_3_all-24,840.005
UID_34_10_4_all-12,1311.23
UID_34_10_5_all-12,640.618
UID_34_10_6_all-11,939.316
UID_34_10_7_all-14,1049.02
UID_34_10_8_all-16,768.982
UID_34_10_9_all-7,1291.01
UID_34_11_10_all-19,1232.7
UID_34_11_11_all-7,579.83
UID_34_11_12_all-16,960.552
UID_34_11_1_all-9,654.243
UID_34_11_2_all-12,586.041
UID_34_11_3_all-8,1001.16
UID_34_11_4_all-16,1337.34
UID_34_11_5_all-9,527.109
UID_34_11_6_all-11,587.36
UID_34_11_7_all-10,655.413
UID_34_11_8_all-27,1681.46
UID_34_11_9_all-14,704.354
UID_34_12_10_all-16,690.041
UID_34_12_11_all-10,1597.79
UID_34_12_12_all-9,529.178
UID_34_12_13_all-13,623.557
UID_34_12_14_all-21,711.354
UID_34_12_15_all-8,520.032
UID_34_12_1_all-9,694.876
UID_34_12_2_all-12,669.319
UID_34_12_3_all-5,682.37
UID_34_12_4_all-19,1031.44
UID_34_12_5_all-11,595.352
UID_34_12_6_all-8,605.023
UID_34_12_7_all-20,701.183
UID_34_12_8_all-3,1093.46
UID_34_12_9_all-27,1744.26
UID_34_13_10_all-21,744.844
UID_34_13_11_all-4,1078.83
UID_34_13_12_all-8,1134.67
UID_34_13_13_all-14,602.436
UID_34_13_14_all-10,542.336
UID_34_13_15_all-13,868.551
UID_34_13_1_all-15,134.781
UID_34_13_2_all-15,548.488
UID_34_13_3_all-7,1230.6
UID_34_13_4_all-10,641.179
UID_34_13_5_all-6,848.534
UID_34_13_6_all-15,724.201
UID_34_13_7_all-15,963.822
UID_34_13_8_all-6,582.675
UID_34_13_9_all-17,539.646
UID_34_14_10_all-29,808.635
UID_34_14_1_all-18,774.917
UID_34_14_2_all-16,582.625
UID_34_14_3_all-18,634.99
UID_34_14_4_all-19,969.007
UID_34_14_5_all-10,1000.99
UID_34_14_6_all-23,725.88
UID_34_14_7_all-14,943.73
UID_34_14_8_all-26,706.057
UID_34_14_9_all-15,839.538
UID_34_15_10_all-30,729.948
UID_34_15_1_all-22,724.883
UID_34_15_2_all-14,1200.09
UID_34_15_3_all-13,590.638
UID_34_15_4_all-21,686.919
UID_34_15_5_all-8,1286.56
UID_34_15_6_all-56,791.119
UID_34_15_7_all-12,671.387
UID_34_15_8_all-10,659.013
UID_34_15_9_all-8,536.133
UID_34_16_1_all-18,907.576
UID_34_16_2_all-9,416.546
UID_34_16_3_all-20,692.025
UID_34_16_4_all-19,731.823
UID_34_16_5_all-29,1633.31
UID_34_16_6_all-8,605.788
UID_34_16_7_all-14,537.86
UID_34_17_10_all-11,757.639
UID_34_17_11_all-27,724.599
UID_34_17_12_all-15,653.695
UID_34_17_13_all-9,689.647
UID_34_17_14_all-33,671.135
UID_34_17_15_all-20,548.78
UID_34_17_16_all-12,726.333
UID_34_17_17_all-22,741.731
UID_34_17_18_all-15,880.026
UID_34_17_1_all-14,638.662
UID_34_17_2_all-7,575.407
UID_34_17_3_all-20,1661.35
UID_34_17_4_all-17,689.343
UID_34_17_5_all-35,770.549
UID_34_17_6_all-23,722.597
UID_34_17_7_all-22,727.398
UID_34_17_8_all-17,774.486
UID_34_17_9_all-28,733.615
UID_34_18_10_all-27,1505.54
UID_34_18_11_all-26,719.017
UID_34_18_12_all-18,595.401
UID_34_18_13_all-23,1109.65
UID_34_18_1_all-6,676.338
UID_34_18_2_all-20,803.666
UID_34_18_3_all-7,670.734
UID_34_18_4_all-11,1019.57
UID_34_18_5_all-24,373.606
UID_34_18_6_all-22,1271.26
UID_34_18_7_all-16,1187.65
UID_34_18_8_all-15,982.866
UID_34_18_9_all-24,708
UID_34_19_10_all-14,600.618
UID_34_19_11_all-9,860.443
UID_34_19_12_all-15,549.776
UID_34_19_13_all-12,575.543
UID_34_19_14_all-4,638.093
UID_34_19_15_all-9,670.571
UID_34_19_16_all-19,745.475
UID_34_19_1_all-8,546.997
UID_34_19_2_all-19,609.899
UID_34_19_3_all-10,557.385
UID_34_19_4_all-16,877.221
UID_34_19_5_all-16,612.88
UID_34_19_6_all-6,602.59
UID_34_19_7_all-12,842.605
UID_34_19_8_all-18,818.086
UID_34_19_9_all-29,760.835
UID_34_1_1_all-13,1011.26
UID_34_1_2_all-16,610.945
UID_34_1_3_all-14,1060.23
UID_34_1_4_all-19,1096.52
UID_34_1_5_all-15,1151.66
UID_34_1_6_all-12,504.082
UID_34_20_1_all-8,794.17
UID_34_20_2_all,119.029
UID_34_20_3_all-9,568.234
UID_34_20_4_all-14,571.19
UID_34_20_5_all-20,610.473
UID_34_20_6_all-18,678.022
UID_34_20_7_all-10,672.979
UID_34_20_8_all-23,618.948
UID_34_21_10_all-3,997.662
UID_34_21_11_all-15,1252.55
UID_34_21_12_all-12,921.727
UID_34_21_13_all-15,1211.98
UID_34_21_14_all-11,549.279
UID_34_21_15_all-21,719.534
UID_34_21_16_all-16,751.641
UID_34_21_17_all-8,520.022
UID_34_21_18_all-12,668.681
UID_34_21_19_all-17,735.405
UID_34_21_1_all-20,757.464
UID_34_21_20_all-4,528.497
UID_34_21_21_all-10,554.88
UID_34_21_2_all-12,1010.07
UID_34_21_3_all-22,1297.4
UID_34_21_4_all-15,545.694
UID_34_21_5_all-18,603.716
UID_34_21_6_all-19,1188.47
UID_34_21_7_all-12,631.626
UID_34_21_8_all-6,1279.54
UID_34_21_9_all-24,710.103
UID_34_22_10_all-35,765.863
UID_34_22_11_all-19,503.903
UID_34_22_12_all-4,725.532
UID_34_22_1_all-13,572.251
UID_34_22_2_all-11,1308.6
UID_34_22_3_all-8,1252.62
UID_34_22_4_all-7,269.156
UID_34_22_5_all-11,608.944
UID_34_22_6_all-30,948.922
UID_34_22_7_all-10,532.774
UID_34_22_8_all-21,701.541
UID_34_22_9_all-30,729.313
UID_34_23_1_all-7,707.339
UID_34_23_2_all-14,650.741
UID_34_23_3_all-25,1200.1
UID_34_23_4_all-20,684.678
UID_34_23_5_all-12,1180.63
UID_34_24_10_all-11,590.763
UID_34_24_11_all-20,616.021
UID_34_24_1_all-21,807.734
UID_34_24_2_all-10,1162.91
UID_34_24_3_all-10,1112.27
UID_34_24_4_all-15,583.07
UID_34_24_5_all-14,661.185
UID_34_24_6_all-22,689.815
UID_34_24_7_all-18,747.171
UID_34_24_8_all-19,572.644
UID_34_24_9_all-25,791.212
UID_34_25_10_all-27,685.662
UID_34_25_11_all-9,659.831
UID_34_25_12_all-8,458.88
UID_34_25_13_all-9,880.725
UID_34_25_1_all-12,1074.3
UID_34_25_2_all-20,820.341
UID_34_25_3_all-13,598.809
UID_34_25_4_all-15,533.363
UID_34_25_5_all-22,1838.86
UID_34_25_6_all-13,675.946
UID_34_25_7_all-17,551.358
UID_34_25_8_all-18,1147.25
UID_34_25_9_all-7,644.312
UID_34_26_1_all-7,687.487
UID_34_26_2_all-21,671.046
UID_34_26_3_all-17,1312.71
UID_34_26_4_all-22,758.596
UID_34_26_5_all-19,774.169
UID_34_26_6_all-14,640.231
UID_34_26_7_all-14,557.337
UID_34_27_1_all-17,531.035
UID_34_27_2_all-24,700.651
UID_34_27_3_all-8,669.897
UID_34_27_4_all-14,553.819
UID_34_27_5_all-32,633.781
UID_34_27_6_all-31,774.187
UID_34_28_1_all-9,661.71
UID_34_28_2_all-18,607.939
UID_34_28_3_all-15,594.856
UID_34_28_4_all-15,551.061
UID_34_28_5_all-17,1335.01
UID_34_29_1_all-20,756.73
UID_34_29_2_all-12,613.786
UID_34_29_3_all-14,605.105
UID_34_29_4_all-17,1100.52
UID_34_29_5_all-20,603.888
UID_34_29_6_all-7,784.561
UID_34_2_10_all-21,552.569
UID_34_2_11_all-13,644.774
UID_34_2_12_all-24,585.402
UID_34_2_13_all-11,1064.02
UID_34_2_14_all-35,681.026
UID_34_2_1_all-13,1177.34
UID_34_2_2_all-9,546.256
UID_34_2_3_all-13,544.077
UID_34_2_4_all-8,723.458
UID_34_2_5_all-5,530.701
UID_34_2_6_all-10,532.908
UID_34_2_7_all-26,792.587
UID_34_2_8_all-9,506.875
UID_34_2_9_all-19,1043.6
UID_34_30_10_all-13,548.88
UID_34_30_11_all-13,547.596
UID_34_30_12_all-19,994.856
UID_34_30_13_all-23,533.634
UID_34_30_1_all-25,677.462
UID_34_30_2_all-21,616.49
UID_34_30_3_all-38,766.686
UID_34_30_4_all-16,633.485
UID_34_30_5_all-12,561.176
UID_34_30_6_all-6,610.494
UID_34_30_7_all,77.4555
UID_34_30_8_all-28,690.188
UID_34_30_9_all-27,1375.45
UID_34_31_1_all-10,743.852
UID_34_31_2_all-25,733.801
UID_34_31_3_all-19,783.537
UID_34_31_4_all-22,762.163
UID_34_31_5_all-16,955.289
UID_34_31_6_all-20,773.593
UID_34_31_7_all-28,1332.71
UID_34_31_8_all-11,984.509
UID_34_32_1_all-24,663.6
UID_34_32_2_all-18,601.696
UID_34_32_3_all-33,730.815
UID_34_32_4_all-27,1356.58
UID_34_32_5_all-28,1227.84
UID_34_32_6_all-20,593.455
UID_34_32_7_all-23,567.601
UID_34_32_8_all-4,544.296
UID_34_32_9_all-29,679.292
UID_34_33_1_all-13,1381.44
UID_34_33_2_all-11,959.328
UID_34_33_3_all-31,687.42
UID_34_33_4_all-16,612.603
UID_34_33_5_all-17,652.119
UID_34_33_6_all-17,1111.86
UID_34_33_7_all-19,585.947
UID_34_33_8_all-13,1357.26
UID_34_33_9_all-19,604.49
UID_34_34_1_all-27,656.411
UID_34_34_2_all-20,613.345
UID_34_34_3_all-19,534.327
UID_34_34_4_all-15,1175.18
UID_34_34_5_all-32,1019.67
UID_34_34_6_all-24,928.229
UID_34_34_7_all-15,657.059
UID_34_35_1_all-10,745.386
UID_34_35_2_all-14,598.526
UID_34_35_3_all-20,732.805
UID_34_35_4_all-30,782.261
UID_34_35_5_all-20,760.923
UID_34_35_6_all-28,955.438
UID_34_35_7_all-17,769.617
UID_34_35_8_all-23,1487.26
UID_34_35_9_all-14,1069.64
UID_34_36_1_all-17,1403.84
UID_34_36_2_all-21,1358.52
UID_34_36_3_all-21,719.66
UID_34_36_4_all-13,1268.86
UID_34_36_5_all-21,627.184
UID_34_36_6_all-11,1037.64
UID_34_36_7_all-14,942.918
UID_34_37_1_all-19,649.531
UID_34_37_2_all-9,531.336
UID_34_37_3_all-2,815.039
UID_34_37_4_all-22,690.51
UID_34_3_1_all-16,1485.41
UID_34_4_1_all-20,658.694
UID_34_4_2_all-26,1048.74
UID_34_4_3_all-20,582.655
UID_34_4_4_all-13,931.507
UID_34_4_5_all-21,616.368
UID_34_4_6_all-17,675.138
UID_34_5_1_all-34,741.645
UID_34_5_2_all-13,986.793
UID_34_5_3_all-23,747.78
UID_34_5_4_all-11,567.926
UID_34_6_1_all-19,755.231
UID_34_6_2_all-16,657.075
UID_34_6_3_all-14,846.463
UID_34_6_4_all-18,703.211
UID_34_6_5_all-9,744.479
UID_34_6_6_all-17,592.909
UID_34_7_10_all-16,1450.12
UID_34_7_11_all-20,724.227
UID_34_7_12_all-9,1033.79
UID_34_7_13_all-16,464.495
UID_34_7_14_all-15,754.644
UID_34_7_15_all-4,604.541
UID_34_7_16_all-29,1212.24
UID_34_7_17_all-16,634.479
UID_34_7_1_all-16,600.922
UID_34_7_2_all-15,691.241
UID_34_7_3_all-10,775.367
UID_34_7_4_all-8,1050.59
UID_34_7_5_all-13,709.678
UID_34_7_6_all-22,719.052
UID_34_7_7_all-19,1370.69
UID_34_7_8_all-23,641.204
UID_34_7_9_all-8,883.588
UID_34_8_1_all-8,728.06
UID_34_9_10_all-17,655.258
UID_34_9_1_all-13,1034.58
UID_34_9_2_all-24,636.742
UID_34_9_3_all-26,697.274
UID_34_9_4_all-17,916.472
UID_34_9_5_all-9,1087.56
UID_34_9_6_all-17,708.711
UID_34_9_7_all-14,858.708
UID_34_9_8_all-22,808.741
UID_34_9_9_all-9,649.906
UID_38_10_1_all-5,1111.38
UID_38_10_2_all-23,673.883
UID_38_10_3_all-4,1084.08
UID_38_10_4_all-10,690.793
UID_38_10_5_all-27,813.044
UID_38_10_6_all-3,723.159
UID_38_11_1_all-12,851.533
UID_38_11_2_all-18,127.379
UID_38_11_3_all-17,677.268
UID_38_11_4_all-39,711.576
UID_38_11_5_all-21,726.899
UID_38_11_6_all-6,672.964
UID_38_12_1_all-25,743.807
UID_38_12_2_all-17,659.852
UID_38_12_3_all-21,768.944
UID_38_13_1_all-22,733.323
UID_38_13_2_all-21,726.025
UID_38_13_3_all-2,107.677
UID_38_13_4_all-8,651.914
UID_38_13_5_all-16,695.258
UID_38_13_6_all-16,712.944
UID_38_14_1_all-27,777.495
UID_38_14_2_all-7,657.212
UID_38_14_3_all-20,702.835
UID_38_14_4_all-24,904.472
UID_38_14_5_all-28,680.638
UID_38_14_6_all-11,643.35
UID_38_14_7_all-27,743.173
UID_38_14_8_all-10,706.008
UID_38_15_1_all,78.1404
UID_38_15_2_all-8,642.773
UID_38_15_3_all-6,657.968
UID_38_15_4_all-25,704.094
UID_38_15_5_all-2,67.0615
UID_38_15_6_all-14,687.364
UID_38_15_7_all-27,716.46
UID_38_15_8_all-30,805.095
UID_38_16_1_all-9,808.063
UID_38_16_2_all-9,1336.89
UID_38_17_1_all-30,804.565
UID_38_17_2_all-11,1175.52
UID_38_17_3_all-12,1343.57
UID_38_17_4_all-12,1285.89
UID_38_18_1_all-17,778.027
UID_38_18_2_all-19,723.305
UID_38_18_3_all-9,71.9851
UID_38_18_4_all-24,1257.07
UID_38_1_1_all-8,652.239
UID_38_1_2_all-10,622.542
UID_38_1_3_all-11,640.046
UID_38_1_4_all-11,649.747
UID_38_20_1_all-12,714.283
UID_38_20_2_all-9,691.119
UID_38_20_3_all-34,1144.09
UID_38_20_4_all-16,722.11
UID_38_20_5_all,56.7607
UID_38_20_6_all-18,879.659
UID_38_20_7_all-8,1231.97
UID_38_20_8_all-16,828.532
UID_38_20_9_all-21,943.552
UID_38_21_10_all-17,739.899
UID_38_21_1_all-8,1120.39
UID_38_21_2_all-15,43.4065
UID_38_21_3_all-24,1261.87
UID_38_21_4_all-20,1164.35
UID_38_21_5_all-25,1286.74
UID_38_21_6_all-26,866.773
UID_38_21_7_all-28,775.334
UID_38_21_8_all-23,707.67
UID_38_21_9_all-11,752.46
UID_38_22_10_all-16,816.541
UID_38_22_11_all-16,728.596
UID_38_22_12_all-27,675.059
UID_38_22_1_all-18,738.955
UID_38_22_2_all-32,809.934
UID_38_22_3_all-25,742.55
UID_38_22_4_all-5,44.2063
UID_38_22_5_all-34,772.716
UID_38_22_6_all-31,774.245
UID_38_22_7_all-45,1000.01
UID_38_22_8_all-17,769.79
UID_38_22_9_all-20,802.867
UID_38_23_1_all-16,733.3
UID_38_23_2_all-26,697.948
UID_38_23_3_all-11,1260.99
UID_38_23_4_all-19,702.691
UID_38_23_5_all-17,736.229
UID_38_24_1_all-2,57.6417
UID_38_24_2_all-13,738.204
UID_38_24_3_all-11,678.841
UID_38_24_4_all-10,790.786
UID_38_25_1_all-15,659.943
UID_38_25_2_all-3,656.32
UID_38_26_1_all-14,84.2348
UID_38_26_2_all-33,702.939
UID_38_26_3_all-36,713.25
UID_38_26_4_all-13,685.957
UID_38_26_5_all-21,803.716
UID_38_2_1_all-41,1718.05
UID_38_2_2_all-20,748.391
UID_38_3_1_all-14,724.674
UID_38_3_2_all-16,678.596
UID_38_3_3_all-21,736.742
UID_38_4_1_all-15,736.663
UID_38_5_10_all-5,971.221
UID_38_5_11_all-15,621.915
UID_38_5_1_all-12,659.692
UID_38_5_2_all-8,649.002
UID_38_5_3_all-14,630.609
UID_38_5_4_all-4,691.569
UID_38_5_5_all-21,726.641
UID_38_5_6_all-20,773.724
UID_38_5_7_all-12,610.479
UID_38_5_8_all-12,643.598
UID_38_5_9_all-21,686.761
UID_38_6_10_all-2,113.145
UID_38_6_11_all-20,605.887
UID_38_6_12_all-20,625.129
UID_38_6_13_all-15,780.813
UID_38_6_1_all-13,642.193
UID_38_6_2_all-8,632.655
UID_38_6_3_all-11,1396.39
UID_38_6_4_all-24,681.131
UID_38_6_5_all-21,729.252
UID_38_6_6_all-11,659.797
UID_38_6_7_all-6,604.698
UID_38_6_8_all-10,640.186
UID_38_6_9_all-24,1200.57
UID_38_7_1_all-16,710.973
UID_38_7_2_all-13,669.669
UID_38_7_3_all-16,701.747
UID_38_7_4_all-21,718.382
UID_38_7_5_all-12,1315.26
UID_38_7_6_all-24,1562.15
UID_38_7_7_all-22,667.424
UID_38_8_1_all-12,1257.69
UID_38_8_2_all-25,1543.32
UID_38_8_3_all-24,748.223
UID_38_8_4_all-10,667.303
UID_38_8_5_all-27,660.738
UID_38_8_6_all-15,679.811
UID_38_8_7_all-14,688.499
UID_38_9_1_all-9,766.457
UID_38_9_2_all-11,666.047
UID_38_9_3_all-18,829.452
UID_44_10_1_all-9,659.181
UID_44_10_2_all-15,665.46
UID_44_10_3_all-8,628.103
UID_44_10_4_all-11,628.87
UID_44_10_5_all-18,645.962
UID_44_10_6_all-15,626.921
UID_44_11_1_all-12,656.247
UID_44_11_2_all-35,643.45
UID_44_11_3_all-11,680.736
UID_44_11_4_all-36,714.288
UID_44_12_1_all-3,799.354
UID_44_12_2_all-18,1109.8
UID_44_12_3_all-17,629.423
UID_44_13_1_all-9,701.546
UID_44_13_2_all-16,698.399
UID_44_14_1_all-6,1065.48
UID_44_14_2_all-22,641.571
UID_44_14_3_all-24,604.476
UID_44_14_4_all-20,656.524
UID_44_14_5_all-12,615.916
UID_44_15_1_all-7,646.939
UID_44_15_2_all-4,516.944
UID_44_15_3_all-25,787.629
UID_44_16_1_all-14,710.715
UID_44_16_2_all-18,642.651
UID_44_16_3_all-29,696.644
UID_44_16_4_all-14,599.381
UID_44_17_1_all-25,810.357
UID_44_17_2_all-8,774.58
UID_44_17_3_all-37,773.684
UID_44_17_4_all-15,687.555
UID_44_18_1_all-15,727.5
UID_44_18_2_all-5,773.876
UID_44_18_3_all-26,771.21
UID_44_18_4_all-15,682.423
UID_44_19_1_all-27,720.221
UID_44_19_2_all-19,617.131
UID_44_19_3_all-24,685.209
UID_44_1_1_all-25,691.13
UID_44_1_2_all-17,622.174
UID_44_1_3_all-13,585.353
UID_44_1_4_all-14,652.704
UID_44_1_5_all-4,597.154
UID_44_1_6_all-17,659.85
UID_44_1_7_all-12,615.2
UID_44_20_1_all-18,754.515
UID_44_20_2_all-13,618.076
UID_44_20_3_all-12,1318.99
UID_44_21_1_all-11,617.465
UID_44_21_2_all-17,638.77
UID_44_21_3_all-18,661.399
UID_44_22_1_all-7,563.583
UID_44_22_2_all-8,1161.18
UID_44_22_3_all-16,642.538
UID_44_22_4_all-28,641.017
UID_44_22_5_all-9,601.07
UID_44_22_6_all-21,652.62
UID_44_23_1_all-3,546.135
UID_44_23_2_all-15,729.709
UID_44_23_3_all-24,627.031
UID_44_23_4_all-6,671.526
UID_44_23_5_all-15,580.567
UID_44_23_6_all-8,596.616
UID_44_23_7_all-7,549.637
UID_44_24_1_all-14,736.395
UID_44_24_2_all-15,739.477
UID_44_24_3_all-17,763.716
UID_44_25_1_all-7,709.511
UID_44_25_2_all-27,738.18
UID_44_26_1_all-12,746.124
UID_44_26_2_all-3,681.412
UID_44_26_3_all-19,667.376
UID_44_27_1_all-30,819.387
UID_44_27_2_all-18,760.264
UID_44_27_3_all-24,637.152
UID_44_28_1_all-23,836.492
UID_44_28_2_all-22,633.327
UID_44_29_1_all-8,602.086
UID_44_29_2_all-22,657.532
UID_44_29_3_all-28,684.226
UID_44_29_4_all-22,679.171
UID_44_2_1_all-13,673.693
UID_44_2_2_all-19,749.014
UID_44_2_3_all-18,820.439
UID_44_2_4_all-17,594.064
UID_44_2_5_all-31,739.119
UID_44_30_1_all-25,671.485
UID_44_30_2_all-20,655.014
UID_44_30_3_all-26,803.205
UID_44_30_4_all-23,1032.38
UID_44_31_1_all-2,608.872
UID_44_31_2_all-12,716.642
UID_44_31_3_all-18,720.455
UID_44_32_1_all-17,639.149
UID_44_32_2_all-23,659.131
UID_44_32_3_all-15,628.386
UID_44_33_1_all-12,676.871
UID_44_33_2_all-14,624.591
UID_44_34_1_all-24,693.741
UID_44_34_2_all-9,578.197
UID_44_34_3_all-18,657.689
UID_44_34_4_all-20,701.005
UID_44_34_5_all-9,569.218
UID_44_35_1_all-2,729.522
UID_44_35_2_all-5,668.369
UID_44_36_1_all-2,776.113
UID_44_37_1_all-13,687.092
UID_44_37_2_all-20,657.116
UID_44_37_3_all-17,583.594
UID_44_37_4_all-27,601.835
UID_44_37_5_all-12,614.148
UID_44_3_1_all-20,665.124
UID_44_3_2_all-25,695.36
UID_44_3_3_all-18,602.946
UID_44_3_4_all-20,666.824
UID_44_4_1_all-13,681.591
UID_44_4_2_all-8,616.556
UID_44_4_3_all-12,647.691
UID_44_4_4_all-16,651.435
UID_44_4_5_all-26,752.377
UID_44_4_6_all-13,657.892
UID_44_4_7_all-4,569.062
UID_44_4_8_all-12,645.486
UID_44_4_9_all-12,693.049
UID_44_5_1_all-12,657.528
UID_44_5_2_all-27,722.03
UID_44_5_3_all-18,793.302
UID_44_6_1_all-14,665.582
UID_44_6_2_all-13,769.463
UID_44_6_3_all-5,633.932
UID_44_6_4_all-6,785.923
UID_44_7_1_all-26,656.056
UID_44_7_2_all-7,662.161
UID_44_7_3_all-34,791.815
UID_44_7_4_all-13,736.634
UID_44_7_5_all-9,717.719
UID_44_8_1_all-17,685.582
UID_44_8_2_all-14,664.104
UID_44_8_3_all-16,666.131
UID_44_8_4_all-15,657.782
UID_44_8_5_all-13,586.541
UID_44_9_1_all-21,699.822
UID_44_9_2_all-17,650.004
UID_44_9_3_all-13,721.009
UID_44_9_4_all-16,708.139
UID_44_9_5_all-22,688.61
UID_46_10_1_all-26,1024.49
UID_46_10_2_all-9,703.5
UID_46_10_3_all-5,1018.14
UID_46_11_1_all-18,749.051
UID_46_11_2_all-6,844.463
UID_46_11_3_all-15,942.054
UID_46_11_4_all-12,814.762
UID_46_12_1_all-25,1372.86
UID_46_13_1_all-10,753.79
UID_46_13_2_all-13,690.142
UID_46_13_3_all-11,725.875
UID_46_13_4_all-16,845.939
UID_46_13_5_all-16,871.145
UID_46_13_6_all-10,859.196
UID_46_13_7_all-26,794.857
UID_46_13_8_all-10,736.712
UID_46_13_9_all-14,736.394
UID_46_14_1_all-18,1298.4
UID_46_14_2_all-13,1149.57
UID_46_15_1_all-9,1237.55
UID_46_15_2_all-20,721.704
UID_46_15_3_all-16,690.391
UID_46_15_4_all-18,805.228
UID_46_16_1_all-18,720.94
UID_46_16_2_all-19,767.131
UID_46_16_3_all-9,815.145
UID_46_16_4_all-12,763.863
UID_46_16_5_all-21,881.333
UID_46_17_1_all,83.4857
UID_46_17_2_all-20,646.504
UID_46_17_3_all-13,723.05
UID_46_17_4_all-15,741.92
UID_46_17_5_all-20,686.507
UID_46_17_6_all-40,778.016
UID_46_17_7_all-5,849.637
UID_46_17_8_all-11,820.068
UID_46_18_1_all-8,2097.72
UID_46_18_2_all-13,1676.8
UID_46_18_3_all-9,1091.95
UID_46_19_1_all-16,701.087
UID_46_19_2_all-6,935.594
UID_46_19_3_all-5,935.526
UID_46_1_1_all-7,748.383
UID_46_1_2_all-11,733.89
UID_46_1_3_all-3,965.403
UID_46_1_4_all-8,735.681
UID_46_1_5_all-6,744.357
UID_46_20_1_all-21,769.654
UID_46_20_2_all-18,785.435
UID_46_20_3_all-12,1078.84
UID_46_20_4_all-4,713.842
UID_46_20_5_all-18,778.289
UID_46_20_6_all-24,743.237
UID_46_21_10_all-32,818.732
UID_46_21_1_all-15,1056.6
UID_46_21_2_all-14,726.544
UID_46_21_3_all,114.709
UID_46_21_4_all-24,1415.69
UID_46_21_5_all-11,1504.42
UID_46_21_6_all-9,992.234
UID_46_21_7_all-21,1419.31
UID_46_21_8_all-19,702.177
UID_46_21_9_all-6,1455.12
UID_46_22_1_all-13,836.686
UID_46_22_2_all-16,735.497
UID_46_22_3_all-13,725.73
UID_46_22_4_all-15,910.03
UID_46_22_5_all-17,734.701
UID_46_22_6_all-14,868.687
UID_46_22_7_all-25,1315.24
UID_46_22_8_all-34,762.257
UID_46_22_9_all-12,780.887
UID_46_23_1_all-12,874.088
UID_46_23_2_all-11,1597.41
UID_46_23_3_all-23,720.939
UID_46_23_4_all-24,896.402
UID_46_24_1_all-19,764.299
UID_46_24_2_all-21,744.286
UID_46_24_3_all-7,1336.37
UID_46_24_4_all-21,806.697
UID_46_24_5_all-7,1082.72
UID_46_25_1_all-16,2932.59
UID_46_25_2_all-14,795.131
UID_46_25_3_all-17,893.745
UID_46_25_4_all-2,1038.49
UID_46_25_5_all-16,828.726
UID_46_25_6_all-25,689.714
UID_46_26_1_all-17,820.11
UID_46_26_2_all-28,764.376
UID_46_26_3_all-8,1027.76
UID_46_26_4_all-15,699.491
UID_46_27_1_all-15,1345.23
UID_46_28_1_all-23,785.206
UID_46_29_1_all-10,1080.16
UID_46_29_2_all-13,736.361
UID_46_29_3_all-11,771.884
UID_46_29_4_all-13,715.201
UID_46_29_5_all-5,1512.67
UID_46_2_1_all-17,757.936
UID_46_2_2_all-21,743.022
UID_46_2_3_all-23,907.42
UID_46_2_4_all-17,736.087
UID_46_2_5_all-14,753.011
UID_46_30_1_all-16,951.64
UID_46_30_2_all-23,1908.41
UID_46_30_3_all-18,1640.25
UID_46_30_4_all-5,1348.46
UID_46_30_5_all-15,803.727
UID_46_31_1_all-14,881.038
UID_46_31_2_all-12,1000.49
UID_46_31_3_all-17,907.739
UID_46_31_4_all-10,833.623
UID_46_31_5_all-17,1179.75
UID_46_32_1_all-13,887.092
UID_46_33_1_all-15,1599.63
UID_46_33_2_all-9,1401.87
UID_46_33_3_all-7,1260.8
UID_46_33_4_all-11,1134.16
UID_46_34_1_all-17,691.424
UID_46_34_2_all-7,1013.88
UID_46_34_3_all-6,1181.11
UID_46_35_1_all-23,926.545
UID_46_35_2_all-22,704.156
UID_46_36_1_all-19,723.554
UID_46_36_2_all-23,758.846
UID_46_36_3_all-18,1178.43
UID_46_37_1_all-19,828.306
UID_46_3_10_all-18,1170.66
UID_46_3_11_all-18,1357.6
UID_46_3_12_all-19,676.845
UID_46_3_1_all-30,816.918
UID_46_3_2_all-25,864.364
UID_46_3_3_all-23,759.921
UID_46_3_4_all-19,718.174
UID_46_3_5_all-15,774.754
UID_46_3_6_all-13,704.507
UID_46_3_7_all-21,689.754
UID_46_3_8_all-10,741.629
UID_46_3_9_all-12,714.489
UID_46_4_1_all-12,1031.79
UID_46_4_2_all-14,752.466
UID_46_4_3_all-10,751.98
UID_46_4_4_all-6,801.162
UID_46_4_5_all-14,740.352
UID_46_4_6_all-19,757.746
UID_46_4_7_all-6,802.07
UID_46_5_10_all-7,1932.18
UID_46_5_1_all-19,1109.42
UID_46_5_2_all-31,826.056
UID_46_5_3_all-4,351.671
UID_46_5_4_all-4,1582.66
UID_46_5_5_all-6,1746.49
UID_46_5_6_all-9,1093.2
UID_46_5_7_all-4,165.837
UID_46_5_8_all-8,1095.54
UID_46_5_9_all-17,916.617
UID_46_6_10_all-16,787.134
UID_46_6_1_all-14,728.39
UID_46_6_2_all-14,711.282
UID_46_6_3_all-20,729.863
UID_46_6_4_all-7,766.136
UID_46_6_5_all-12,948.559
UID_46_6_6_all-24,725.177
UID_46_6_7_all-4,732.247
UID_46_6_8_all-8,766.913
UID_46_6_9_all-5,722.135
UID_46_7_10_all-13,715.759
UID_46_7_11_all-7,709.798
UID_46_7_12_all-17,728.611
UID_46_7_13_all-6,1123.04
UID_46_7_1_all-16,708.499
UID_46_7_2_all-28,1305.35
UID_46_7_3_all-11,1883.36
UID_46_7_4_all-15,680.102
UID_46_7_5_all-24,1262.81
UID_46_7_6_all-9,3878.13
UID_46_7_7_all-10,3247.14
UID_46_7_8_all-22,709.296
UID_46_7_9_all-16,668.413
UID_46_8_1_all-17,768.018
UID_46_8_2_all-17,903.076
UID_46_8_3_all-12,1259.25
UID_46_8_4_all-18,691.494
UID_46_8_5_all-29,784.949
UID_46_9_1_all-25,762.774
UID_46_9_2_all-16,760.239
UID_46_9_3_all-5,928.915
UID_46_9_4_all-9,674.576
UID_46_9_5_all-9,873.513
UID_46_9_6_all-14,792.029
UID_51_101_1_all-25,726.308
UID_51_101_2_all-27,684.343
UID_51_101_3_all-36,692.974
UID_51_101_4_all-30,663.679
UID_51_101_5_all,56.6809
UID_51_101_6_all-31,712.967
UID_51_101_7_all-31,735.533
UID_51_101_8_all-24,655.116
UID_51_101_9_all-18,700.565
UID_51_102_1_all-15,650.458
UID_51_102_2_all-16,802.232
UID_51_102_3_all-39,766.562
UID_51_102_4_all-33,753.902
UID_51_102_5_all-43,782.938
UID_51_102_6_all-37,775.604
UID_51_102_7_all-21,635.039
UID_51_102_8_all-17,621.572
UID_51_103_1_all-2,976.963
UID_51_103_2_all-21,970.718
UID_51_103_3_all-11,1006.77
UID_51_103_4_all-27,1073.18
UID_51_103_5_all-13,950.443
UID_51_104_1_all-7,732.35
UID_51_104_2_all-5,866.382
UID_51_104_3_all-8,721.064
UID_51_104_4_all-14,701.735
UID_51_105_1_all-30,711.92
UID_51_105_2_all-4,643.866
UID_51_105_3_all-8,644.897
UID_51_105_4_all,100.28
UID_51_106_1_all-34,724.576
UID_51_106_2_all-23,696.503
UID_51_106_3_all-27,613.925
UID_51_106_4_all-21,808.189
UID_51_107_1_all-16,698.378
UID_51_107_2_all-27,722.7
UID_51_107_3_all-31,745.757
UID_51_107_4_all-15,666.734
UID_51_108_1_all-34,741.908
UID_51_108_2_all-18,711.691
UID_51_108_3_all-22,727.697
UID_51_108_4_all-15,691.44
UID_51_108_5_all-13,753.581
UID_51_108_6_all-19,714.254
UID_51_109_1_all-4,766.409
UID_51_10_1_all-13,1137.18
UID_51_10_2_all-12,719.103
UID_51_10_3_all-22,646.106
UID_51_10_4_all-22,632.132
UID_51_10_5_all-27,1167.07
UID_51_110_1_all-8,703.274
UID_51_110_2_all-28,723.41
UID_51_110_3_all-25,747.84
UID_51_111_10_all-17,676.592
UID_51_111_11_all-14,652.668
UID_51_111_12_all-9,712.163
UID_51_111_1_all-6,665.739
UID_51_111_2_all-15,600.853
UID_51_111_3_all-12,737.838
UID_51_111_4_all-25,863.913
UID_51_111_5_all-22,600.961
UID_51_111_6_all-10,644.252
UID_51_111_7_all-23,690.209
UID_51_111_8_all-17,724.14
UID_51_111_9_all-10,766.311
UID_51_112_1_all-26,762.996
UID_51_112_2_all-28,800.675
UID_51_113_1_all-12,683.08
UID_51_113_2_all-23,758.265
UID_51_113_3_all-30,1391.89
UID_51_113_4_all-21,730.645
UID_51_115_1_all-10,1454.83
UID_51_115_2_all-13,701.26
UID_51_115_3_all-22,701.093
UID_51_115_4_all-23,677.924
UID_51_116_10_all-11,655.043
UID_51_116_11_all-30,654.621
UID_51_116_12_all-23,546.97
UID_51_116_1_all-17,763.245
UID_51_116_2_all-8,1116.79
UID_51_116_3_all-25,771.985
UID_51_116_4_all-11,1029.01
UID_51_116_5_all-13,817.862
UID_51_116_6_all-18,714.47
UID_51_116_7_all-26,703.565
UID_51_116_8_all-10,566.735
UID_51_116_9_all-18,689.339
UID_51_117_1_all-6,723.254
UID_51_117_2_all-17,667.823
UID_51_118_10_all-15,690.133
UID_51_118_1_all-25,1402.99
UID_51_118_2_all-26,852.436
UID_51_118_3_all-23,815.112
UID_51_118_4_all-34,814.035
UID_51_118_5_all-30,747.099
UID_51_118_6_all-13,690.045
UID_51_118_7_all-7,795.294
UID_51_118_8_all-10,880.125
UID_51_118_9_all-18,796.282
UID_51_119_1_all-23,1574.56
UID_51_119_2_all-4,760.028
UID_51_11_1_all-9,775.568
UID_51_11_2_all-9,680.403
UID_51_11_3_all-7,648.78
UID_51_11_4_all-8,653.463
UID_51_120_1_all-17,738.104
UID_51_120_2_all-9,715.081
UID_51_121_1_all-23,695.588
UID_51_121_2_all-35,844.033
UID_51_121_3_all-28,713.687
UID_51_121_4_all-27,709.245
UID_51_122_1_all-25,726.186
UID_51_122_2_all-9,880.395
UID_51_122_3_all-27,746.844
UID_51_122_4_all-15,725.921
UID_51_123_1_all-9,614.004
UID_51_123_2_all-15,829.35
UID_51_123_3_all-16,726.309
UID_51_123_4_all-12,617.592
UID_51_123_5_all-7,702.225
UID_51_123_6_all-4,1151.26
UID_51_123_7_all,940.539
UID_51_123_8_all-8,815.871
UID_51_125_1_all-14,622.217
UID_51_125_2_all-17,689.468
UID_51_125_3_all-19,686.547
UID_51_126_1_all-39,748.67
UID_51_126_2_all-31,656.759
UID_51_126_3_all-28,683.669
UID_51_126_4_all-15,643.897
UID_51_127_1_all-16,672.555
UID_51_127_2_all-22,1325.51
UID_51_127_3_all-4,1128.87
UID_51_127_4_all-27,735.01
UID_51_127_5_all-21,706.264
UID_51_127_6_all-34,682.22
UID_51_127_7_all-14,715.12
UID_51_127_8_all-30,715.494
UID_51_127_9_all-17,736.545
UID_51_128_1_all-40,884.015
UID_51_128_2_all-30,769.811
UID_51_129_1_all-17,796.933
UID_51_12_1_all-20,663.744
UID_51_12_2_all-19,645.006
UID_51_130_1_all-16,683.698
UID_51_130_2_all-24,779.327
UID_51_130_3_all-32,829.704
UID_51_131_10_all-8,661.324
UID_51_131_1_all-3,625.436
UID_51_131_2_all-24,757.827
UID_51_131_3_all-15,658.829
UID_51_131_4_all-34,742.992
UID_51_131_5_all-11,823.428
UID_51_131_6_all-39,712.019
UID_51_131_7_all-14,658.233
UID_51_131_8_all-28,704.59
UID_51_131_9_all-18,692.294
UID_51_132_1_all-22,730.007
UID_51_132_2_all-18,247.493
UID_51_132_3_all-30,750.125
UID_51_132_4_all-17,734.738
UID_51_132_5_all-33,799.765
UID_51_133_1_all-33,1001.7
UID_51_134_1_all-27,786.873
UID_51_134_2_all-2,668.131
UID_51_135_1_all-11,672.318
UID_51_135_2_all-28,779.023
UID_51_135_3_all-21,730.517
UID_51_135_4_all-29,735.968
UID_51_135_5_all-25,709.682
UID_51_136_1_all-29,1244.99
UID_51_137_1_all-23,701.353
UID_51_137_2_all-20,693.2
UID_51_137_3_all-29,671.816
UID_51_137_4_all-27,725.551
UID_51_137_5_all-30,683.256
UID_51_138_1_all-27,1199.24
UID_51_138_2_all-13,827.766
UID_51_139_1_all-18,739.856
UID_51_13_10_all-9,728.49
UID_51_13_1_all-27,698.152
UID_51_13_2_all-8,695.413
UID_51_13_3_all-17,1211.41
UID_51_13_4_all-23,653.959
UID_51_13_5_all-6,680.116
UID_51_13_6_all-5,2486.56
UID_51_13_7_all-8,759.223
UID_51_13_8_all-8,1041.71
UID_51_13_9_all-13,1040.39
UID_51_140_1_all-26,705.912
UID_51_140_2_all-26,1289.1
UID_51_140_3_all-36,753.971
UID_51_141_1_all-24,842.986
UID_51_141_2_all-33,790.151
UID_51_141_3_all-27,693.537
UID_51_141_4_all-14,700.592
UID_51_141_5_all-25,765.217
UID_51_141_6_all-28,718.184
UID_51_141_7_all-9,711
UID_51_141_8_all-23,1195.98
UID_51_141_9_all-10,4368.55
UID_51_142_1_all-25,752.013
UID_51_142_2_all-32,744.083
UID_51_142_3_all-14,665.505
UID_51_142_4_all-23,833.422
UID_51_143_1_all-22,1674.56
UID_51_143_2_all-28,833.943
UID_51_143_3_all-39,845.212
UID_51_143_4_all-34,852.213
UID_51_143_5_all-43,815.403
UID_51_143_6_all-24,1283.21
UID_51_144_1_all-17,788.206
UID_51_145_1_all-2,1044.27
UID_51_145_2_all-19,698.723
UID_51_145_3_all-31,697.334
UID_51_145_4_all-4,601.341
UID_51_145_5_all-18,647.117
UID_51_146_1_all-37,838.849
UID_51_146_2_all-12,656.131
UID_51_146_3_all-18,650.541
UID_51_146_4_all-25,725.684
UID_51_146_5_all-31,719.059
UID_51_146_6_all-41,862.69
UID_51_146_7_all-21,704.577
UID_51_146_8_all-17,610.905
UID_51_147_1_all-12,685.066
UID_51_147_2_all-19,760.619
UID_51_147_3_all-30,1292.45
UID_51_147_4_all-33,797.878
UID_51_147_5_all-26,792.095
UID_51_147_6_all-16,1572.41
UID_51_148_1_all-8,848.839
UID_51_148_2_all-21,786.056
UID_51_148_3_all,687.155
UID_51_148_4_all-5,712.012
UID_51_148_5_all-2,795.102
UID_51_148_6_all-21,626.842
UID_51_148_7_all-23,746.838
UID_51_14_1_all-32,808.537
UID_51_14_2_all-24,1395.26
UID_51_14_3_all-17,1353.08
UID_51_14_4_all-2,1049.81
UID_51_14_5_all-23,698.989
UID_51_14_6_all-13,806.425
UID_51_14_7_all-22,684.319
UID_51_14_8_all-43,719.325
UID_51_150_1_all-22,758.048
UID_51_150_2_all-30,1682.95
UID_51_150_3_all-27,746.106
UID_51_150_4_all-18,696.185
UID_51_150_5_all-20,712.39
UID_51_150_6_all-19,716.019
UID_51_151_1_all-48,813.844
UID_51_151_2_all-25,889.629
UID_51_151_3_all-24,719.392
UID_51_151_4_all-33,800.238
UID_51_152_1_all-24,1085.5
UID_51_152_2_all-25,743.112
UID_51_152_3_all-16,1403.74
UID_51_152_4_all-20,719.163
UID_51_152_5_all-11,659.606
UID_51_153_1_all-27,751.582
UID_51_153_2_all-18,675.111
UID_51_153_3_all-29,1081.3
UID_51_153_4_all-21,789.658
UID_51_153_5_all-31,709.615
UID_51_153_6_all-15,1087.28
UID_51_154_1_all-10,1304.46
UID_51_155_1_all-9,638.752
UID_51_156_1_all-17,737.065
UID_51_156_2_all-19,715.163
UID_51_156_3_all-10,1565.55
UID_51_156_4_all-27,697.635
UID_51_156_5_all-18,711.017
UID_51_157_1_all-20,886.758
UID_51_157_2_all-25,854.871
UID_51_157_3_all-18,702.926
UID_51_157_4_all-14,743.489
UID_51_157_5_all-14,912.089
UID_51_158_1_all-24,681.841
UID_51_158_2_all-37,772.3
UID_51_158_3_all-39,773.746
UID_51_158_4_all-30,812.63
UID_51_158_5_all-27,728.537
UID_51_159_1_all-4,1051.23
UID_51_15_1_all-11,779.75
UID_51_15_2_all-14,799.459
UID_51_160_1_all-24,668.02
UID_51_161_10_all-27,1436.76
UID_51_161_11_all-13,998.833
UID_51_161_12_all-28,781.612
UID_51_161_13_all-9,734.254
UID_51_161_14_all-9,701.801
UID_51_161_1_all-16,822.824
UID_51_161_2_all-24,765.098
UID_51_161_3_all-16,749.263
UID_51_161_4_all-24,796.068
UID_51_161_5_all-22,748.363
UID_51_161_6_all-28,848.878
UID_51_161_7_all-12,803.858
UID_51_161_8_all-32,776.682
UID_51_161_9_all-29,688.142
UID_51_162_1_all-11,810.226
UID_51_162_2_all-16,756.61
UID_51_163_1_all-7,759.08
UID_51_163_2_all-23,673.803
UID_51_164_1_all-5,1212.41
UID_51_164_2_all-7,734.829
UID_51_164_3_all-2,662.47
UID_51_165_1_all-13,632.438
UID_51_165_2_all-16,670.681
UID_51_166_1_all-5,584.003
UID_51_166_2_all-21,607.274
UID_51_166_3_all-19,625.439
UID_51_166_4_all-19,644.827
UID_51_166_5_all-18,856.081
UID_51_166_6_all-35,1006.29
UID_51_166_7_all-23,745.971
UID_51_166_8_all-13,600.768
UID_51_166_9_all-12,970.385
UID_51_167_10_all-15,857.01
UID_51_167_11_all-14,701.724
UID_51_167_12_all-24,762.618
UID_51_167_13_all-19,782.528
UID_51_167_14_all-10,697.204
UID_51_167_15_all-6,869.311
UID_51_167_16_all-22,721.825
UID_51_167_17_all-8,2643.56
UID_51_167_1_all-18,765.033
UID_51_167_2_all-19,709.916
UID_51_167_3_all-20,865.55
UID_51_167_4_all-10,979.879
UID_51_167_5_all-19,1235.45
UID_51_167_6_all-13,711.226
UID_51_167_7_all-25,756.303
UID_51_167_8_all-19,848.554
UID_51_167_9_all-19,1531.27
UID_51_168_1_all-40,750.403
UID_51_168_2_all-13,650.381
UID_51_168_3_all-23,1211.3
UID_51_169_1_all-11,1413.06
UID_51_16_1_all-18,658.176
UID_51_170_1_all-19,650.89
UID_51_170_2_all-27,770.729
UID_51_171_1_all-17,781.25
UID_51_171_2_all-20,788.049
UID_51_171_3_all-42,696.672
UID_51_171_4_all-29,784.624
UID_51_172_1_all-25,1012.84
UID_51_172_2_all-20,762.29
UID_51_173_1_all,206.724
UID_51_174_1_all-30,710.869
UID_51_174_2_all-29,673.027
UID_51_175_1_all-3,657.241
UID_51_175_2_all-5,1110.68
UID_51_176_1_all-15,826.959
UID_51_177_1_all-6,713.802
UID_51_178_1_all-27,714.132
UID_51_178_2_all-17,701.133
UID_51_178_3_all-18,689.705
UID_51_179_1_all-9,830.685
UID_51_17_1_all-24,734.771
UID_51_17_2_all-33,810.192
UID_51_17_3_all-25,730.163
UID_51_17_4_all-29,803.156
UID_51_17_5_all-14,727.318
UID_51_17_6_all-24,695.299
UID_51_180_1_all-2,875.863
UID_51_180_2_all-26,665.566
UID_51_18_1_all-26,753.451
UID_51_18_2_all-30,680.418
UID_51_18_3_all-22,785.479
UID_51_18_4_all-39,914.855
UID_51_19_1_all-12,1125.98
UID_51_19_2_all-10,1183.99
UID_51_19_3_all-19,1342.69
UID_51_19_4_all-49,803.822
UID_51_19_5_all-14,789.391
UID_51_19_6_all-34,719.483
UID_51_19_7_all-39,1002.46
UID_51_1_1_all-9,724.998
UID_51_1_2_all-35,778.941
UID_51_1_3_all-18,694.291
UID_51_1_4_all-23,729.636
UID_51_21_1_all-40,791.674
UID_51_21_2_all-9,1159.94
UID_51_22_1_all-26,806.572
UID_51_22_2_all-16,726.748
UID_51_22_3_all-20,695.884
UID_51_22_4_all-16,906.191
UID_51_22_5_all-24,900.196
UID_51_22_6_all-20,669.358
UID_51_23_1_all-21,711.08
UID_51_23_2_all-14,817.73
UID_51_23_3_all-24,701.896
UID_51_23_4_all-19,662.789
UID_51_24_1_all-34,927.81
UID_51_24_2_all-9,681.452
UID_51_25_1_all-3,817.839
UID_51_26_1_all-35,782.401
UID_51_26_2_all-15,690.537
UID_51_26_3_all-14,709.01
UID_51_26_4_all-16,709.001
UID_51_26_5_all-25,736.231
UID_51_27_1_all-4,795.583
UID_51_27_2_all-21,694.666
UID_51_27_3_all-10,652.247
UID_51_27_4_all-27,683.61
UID_51_27_5_all-18,673.4
UID_51_28_1_all-27,742.518
UID_51_28_2_all-14,663.273
UID_51_28_3_all-18,692.911
UID_51_29_1_all-38,1261.26
UID_51_29_2_all-34,1599.83
UID_51_2_1_all-17,697.553
UID_51_2_2_all-19,675.715
UID_51_2_3_all-27,737.738
UID_51_2_4_all-24,689.707
UID_51_30_1_all-12,751.24
UID_51_30_2_all-13,1205.48
UID_51_30_3_all-9,1356.2
UID_51_31_1_all-13,762.943
UID_51_31_2_all-13,787.097
UID_51_32_1_all-30,803.717
UID_51_33_1_all-26,759.545
UID_51_33_2_all-23,1208.74
UID_51_33_3_all-31,798.771
UID_51_33_4_all-20,726.142
UID_51_33_5_all-25,663.476
UID_51_34_1_all-5,276.83
UID_51_34_2_all-6,726.366
UID_51_34_3_all-28,770.738
UID_51_35_1_all-10,1277.95
UID_51_36_1_all-28,738.625
UID_51_36_2_all-8,647.62
UID_51_37_1_all-15,667.25
UID_51_37_2_all-20,710.449
UID_51_37_3_all-12,885.203
UID_51_37_4_all-25,692.236
UID_51_37_5_all-19,871.087
UID_51_37_6_all-17,670.417
UID_51_37_7_all-21,3026.21
UID_51_38_1_all-33,700.878
UID_51_38_2_all-31,766.557
UID_51_38_3_all-38,744.488
UID_51_39_1_all-14,764.575
UID_51_39_2_all-35,771.801
UID_51_39_3_all-41,789.875
UID_51_39_4_all-21,805.821
UID_51_3_1_all-4,778.963
UID_51_3_2_all-9,703.512
UID_51_3_3_all-4,777.597
UID_51_3_4_all-30,719.552
UID_51_3_5_all-17,657.594
UID_51_40_1_all-11,707.395
UID_51_40_2_all-7,731.782
UID_51_41_1_all-20,862.164
UID_51_41_2_all-20,923.306
UID_51_41_3_all-13,685.046
UID_51_41_4_all-10,682.91
UID_51_41_5_all-25,723.376
UID_51_42_1_all-19,632.955
UID_51_42_2_all-19,679.255
UID_51_42_3_all-17,643.801
UID_51_43_1_all-31,605.885
UID_51_43_2_all-18,656.206
UID_51_43_3_all-18,617.956
UID_51_43_4_all-13,650.016
UID_51_43_5_all-42,737.555
UID_51_43_6_all-22,621.537
UID_51_43_7_all-18,785.156
UID_51_43_8_all-4,681.586
UID_51_44_1_all-24,825.346
UID_51_44_2_all-29,1108.56
UID_51_44_3_all-8,732.031
UID_51_44_4_all-18,851.946
UID_51_44_5_all-10,665.202
UID_51_44_6_all,752.864
UID_51_44_7_all-24,634.727
UID_51_44_8_all,751.113
UID_51_46_1_all-37,763.327
UID_51_46_2_all-23,889.011
UID_51_46_3_all-31,681.533
UID_51_46_4_all-20,602.933
UID_51_46_5_all-25,629.346
UID_51_46_6_all-40,813.913
UID_51_46_7_all-36,700.637
UID_51_47_1_all-16,737.458
UID_51_47_2_all-19,694.395
UID_51_47_3_all-12,628.255
UID_51_47_4_all-12,634.187
UID_51_47_5_all-22,650.294
UID_51_47_6_all-15,728.581
UID_51_48_10_all-37,740.951
UID_51_48_11_all-14,1264.2
UID_51_48_12_all-31,741.987
UID_51_48_13_all-32,926.561
UID_51_48_14_all-9,739.696
UID_51_48_1_all-19,619.352
UID_51_48_2_all-12,687.05
UID_51_48_3_all-32,733.783
UID_51_48_4_all-5,873.698
UID_51_48_5_all-46,152.586
UID_51_48_6_all-30,666.276
UID_51_48_7_all-28,685.408
UID_51_48_8_all-15,1113.17
UID_51_48_9_all-6,49.4364
UID_51_49_1_all-6,783.309
UID_51_49_2_all-3,903.816
UID_51_49_3_all-8,838.059
UID_51_4_10_all-14,523.983
UID_51_4_11_all-15,765.709
UID_51_4_12_all-17,535.772
UID_51_4_13_all-6,1027.42
UID_51_4_14_all-17,663.233
UID_51_4_15_all-32,761.679
UID_51_4_1_all-8,578.428
UID_51_4_2_all-9,596.584
UID_51_4_3_all-8,616.764
UID_51_4_4_all-17,613.428
UID_51_4_5_all-24,691.556
UID_51_4_6_all-30,803.967
UID_51_4_7_all-16,590.873
UID_51_4_8_all-25,710.291
UID_51_4_9_all-20,659.227
UID_51_50_1_all-6,960.29
UID_51_50_2_all-14,768.485
UID_51_51_1_all-23,635.558
UID_51_51_2_all-32,780.069
UID_51_51_3_all-19,686.148
UID_51_51_4_all-24,700.603
UID_51_51_5_all-15,663.254
UID_51_51_6_all-20,750.19
UID_51_52_1_all-21,840.836
UID_51_52_2_all-19,751.229
UID_51_52_3_all-18,666.625
UID_51_52_4_all-25,710.261
UID_51_53_1_all-19,673.622
UID_51_53_2_all-18,815.952
UID_51_53_3_all-3,809.733
UID_51_54_1_all-22,821.027
UID_51_55_1_all-4,1172.21
UID_51_56_1_all-13,605.542
UID_51_56_2_all-20,636.854
UID_51_56_3_all-20,632.791
UID_51_56_4_all-16,605.014
UID_51_56_5_all-15,616.271
UID_51_56_6_all-22,643.073
UID_51_56_7_all-8,894.462
UID_51_57_1_all-14,693.92
UID_51_57_2_all-16,638.428
UID_51_57_3_all-29,842.236
UID_51_57_4_all-12,598.789
UID_51_57_5_all-13,628.521
UID_51_57_6_all-27,770.937
UID_51_57_7_all-12,636.64
UID_51_58_1_all-13,1574.46
UID_51_58_2_all-31,801.646
UID_51_59_1_all-16,730.137
UID_51_59_2_all-17,681.467
UID_51_5_1_all-12,1174.43
UID_51_5_2_all-15,117.136
UID_51_5_3_all-7,1065.01
UID_51_5_4_all-28,788.101
UID_51_5_5_all-11,744.264
UID_51_5_6_all-13,609.978
UID_51_60_1_all-28,799.155
UID_51_61_1_all-19,667.786
UID_51_61_2_all-7,635.43
UID_51_61_3_all-36,743.541
UID_51_61_4_all-38,840.343
UID_51_61_5_all-16,691.935
UID_51_61_6_all-26,1233.98
UID_51_61_7_all-25,708.111
UID_51_61_8_all-29,682.907
UID_51_61_9_all-19,712.672
UID_51_62_1_all-4,973.451
UID_51_62_2_all-16,768.961
UID_51_62_3_all-4,948.119
UID_51_63_1_all-3,1135.55
UID_51_63_2_all-12,714.879
UID_51_63_3_all-18,682.766
UID_51_63_4_all-5,873.625
UID_51_63_5_all-11,1021.97
UID_51_63_6_all-26,84.5642
UID_51_63_7_all,731.13
UID_51_64_1_all-6,701.547
UID_51_65_1_all-13,855.043
UID_51_65_2_all-27,720.507
UID_51_66_1_all-19,684.073
UID_51_66_2_all-31,603.609
UID_51_66_3_all-27,624.887
UID_51_66_4_all-28,619.518
UID_51_67_1_all-12,835.633
UID_51_67_2_all-18,1032.14
UID_51_68_1_all-3,741.562
UID_51_68_2_all-2,1165.51
UID_51_68_3_all-16,695.702
UID_51_68_4_all-3,662.139
UID_51_68_5_all-5,897.563
UID_51_68_6_all-3,945.993
UID_51_68_7_all-3,870.753
UID_51_69_1_all-9,778.968
UID_51_69_2_all-15,764.526
UID_51_6_1_all-17,704.127
UID_51_6_2_all-24,738.752
UID_51_70_1_all-17,861.8
UID_51_70_2_all-15,735.105
UID_51_71_1_all-4,1209.31
UID_51_71_2_all-19,768.124
UID_51_72_1_all-14,846.501
UID_51_72_2_all-21,725.265
UID_51_72_3_all-25,777.188
UID_51_72_4_all-17,681.208
UID_51_73_1_all-12,801.015
UID_51_73_2_all-16,1559.99
UID_51_73_3_all,740.776
UID_51_73_4_all-19,739.708
UID_51_73_5_all-8,756.793
UID_51_73_6_all-23,1037.86
UID_51_74_1_all-11,738.141
UID_51_75_1_all-14,727.321
UID_51_75_2_all-17,722.758
UID_51_76_1_all-12,597.055
UID_51_76_2_all-25,657.685
UID_51_76_3_all-44,864.82
UID_51_76_4_all-22,710.786
UID_51_76_5_all-25,1386.35
UID_51_77_1_all-24,733.627
UID_51_77_2_all-22,665.303
UID_51_77_3_all-19,723.453
UID_51_77_4_all-12,750.951
UID_51_77_5_all-17,842.912
UID_51_77_6_all-19,673.892
UID_51_78_1_all-17,895.834
UID_51_78_2_all-7,737.06
UID_51_78_3_all-14,689.82
UID_51_78_4_all-9,966.367
UID_51_78_5_all-8,734.496
UID_51_78_6_all-15,1400.55
UID_51_7_1_all-22,732.095
UID_51_7_2_all-12,801.266
UID_51_7_3_all-16,664.2
UID_51_7_4_all-11,772.657
UID_51_7_5_all-21,701.758
UID_51_7_6_all-17,786.171
UID_51_7_7_all-12,1229.34
UID_51_81_1_all-3,787.829
UID_51_81_2_all-23,726.57
UID_51_81_3_all-17,751.559
UID_51_81_4_all-32,847.847
UID_51_81_5_all-22,733.482
UID_51_81_6_all-26,686.699
UID_51_81_7_all-38,791.363
UID_51_81_8_all-6,822.216
UID_51_82_1_all-33,666.152
UID_51_82_2_all-13,584.052
UID_51_82_3_all-26,664.978
UID_51_82_4_all-10,693.109
UID_51_82_5_all-32,720.467
UID_51_83_1_all-24,889.378
UID_51_83_2_all-9,911.694
UID_51_83_3_all-12,1262.01
UID_51_83_4_all-7,698.512
UID_51_83_5_all-16,742.341
UID_51_83_6_all-11,690.791
UID_51_84_1_all-17,824.804
UID_51_85_1_all-2,1150.97
UID_51_85_2_all,1250.37
UID_51_85_3_all,1233.59
UID_51_86_1_all-15,605.089
UID_51_86_2_all-17,652.01
UID_51_87_1_all-14,731.654
UID_51_87_2_all-30,714.343
UID_51_87_3_all-18,646.76
UID_51_87_4_all-15,686.915
UID_51_87_5_all-14,639.678
UID_51_87_6_all-20,1442.02
UID_51_87_7_all-18,1244.85
UID_51_88_1_all-23,752.002
UID_51_88_2_all-21,944.643
UID_51_88_3_all-14,724.017
UID_51_88_4_all-5,950.003
UID_51_88_5_all-24,793.127
UID_51_88_6_all-23,713.515
UID_51_88_7_all-12,820.769
UID_51_88_8_all-23,734.044
UID_51_88_9_all-32,878.184
UID_51_89_1_all,1160.49
UID_51_8_10_all-15,873.445
UID_51_8_1_all-14,1357.56
UID_51_8_2_all-24,733.732
UID_51_8_3_all-17,970.11
UID_51_8_4_all-21,639.866
UID_51_8_5_all-36,700.758
UID_51_8_6_all-25,699.475
UID_51_8_7_all-17,767.412
UID_51_8_8_all-34,650.806
UID_51_8_9_all-14,642.453
UID_51_90_1_all-29,743.172
UID_51_90_2_all-25,744.854
UID_51_91_1_all-22,774.085
UID_51_91_2_all-34,745.772
UID_51_91_3_all-29,710.101
UID_51_91_4_all-42,784.763
UID_51_92_1_all-31,677.476
UID_51_92_2_all-14,720.7
UID_51_93_1_all-32,791.675
UID_51_93_2_all-15,750.961
UID_51_93_3_all-40,936.259
UID_51_93_4_all-34,773.896
UID_51_93_5_all-17,1036.02
UID_51_94_1_all-9,833.247
UID_51_94_2_all-7,773.266
UID_51_96_10_all-23,587.368
UID_51_96_11_all-20,606.367
UID_51_96_1_all-27,685.746
UID_51_96_2_all-23,699.504
UID_51_96_3_all-17,596.249
UID_51_96_4_all-26,744.782
UID_51_96_5_all-17,663.478
UID_51_96_6_all-24,709.923
UID_51_96_7_all-13,599.44
UID_51_96_8_all-30,737.149
UID_51_96_9_all-24,722.013
UID_51_97_1_all-29,743.403
UID_51_97_2_all-19,862.417
UID_51_97_3_all-25,856.142
UID_51_97_4_all-24,737.309
UID_51_97_5_all-20,690.196
UID_51_97_6_all-9,795.484
UID_51_97_7_all-31,745.146
UID_51_97_8_all-26,767.723
UID_51_98_10_all-5,773.144
UID_51_98_11_all-6,785.595
UID_51_98_1_all-16,1044.88
UID_51_98_2_all-11,1151.05
UID_51_98_3_all-11,1134.96
UID_51_98_4_all-8,796.096
UID_51_98_5_all-7,1082.58
UID_51_98_6_all-22,734.136
UID_51_98_7_all-9,756.873
UID_51_98_8_all-9,775.673
UID_51_98_9_all-25,714.96
UID_51_99_1_all-9,1300.06
UID_51_9_10_all-9,722.103
UID_51_9_11_all-12,584.299
UID_51_9_12_all-15,600.063
UID_51_9_1_all-19,626.136
UID_51_9_2_all-16,622.484
UID_51_9_3_all-5,634.793
UID_51_9_4_all-21,646.828
UID_51_9_5_all-12,1307.42
UID_51_9_6_all-10,1055.65
UID_51_9_7_all-7,649.158
UID_51_9_8_all-19,628.164
UID_51_9_9_all-18,647.397
UID_H10_100_1_hem-10,612.965
UID_H10_100_2_hem-11,587.373
UID_H10_100_3_hem-7,599.697
UID_H10_100_4_hem-18,615.128
UID_H10_101_1_hem-12,613.447
UID_H10_102_1_hem-3,514.475
UID_H10_102_2_hem-7,580.418
UID_H10_102_3_hem-5,542.603
UID_H10_102_4_hem-15,672.329
UID_H10_102_5_hem-9,600.955
UID_H10_102_6_hem-8,548.185
UID_H10_103_1_hem-5,497.863
UID_H10_103_2_hem-9,736.483
UID_H10_103_3_hem-5,517.196
UID_H10_103_4_hem-3,542.186
UID_H10_103_5_hem-3,511.07
UID_H10_103_6_hem-7,545.707
UID_H10_103_7_hem-5,631.316
UID_H10_103_8_hem-6,529.318
UID_H10_104_1_hem-9,578.08
UID_H10_105_1_hem-11,644.243
UID_H10_105_2_hem-7,736.705
UID_H10_105_3_hem-3,504.427
UID_H10_105_4_hem-2,499.52
UID_H10_106_1_hem-7,710.155
UID_H10_107_1_hem,990.955
UID_H10_107_2_hem-3,563.981
UID_H10_107_3_hem-8,701.301
UID_H10_108_1_hem-13,595.218
UID_H10_108_2_hem-5,538.347
UID_H10_108_3_hem-12,585.322
UID_H10_108_4_hem-6,514.454
UID_H10_108_5_hem-4,554.985
UID_H10_108_6_hem-8,548.572
UID_H10_109_1_hem-5,562.506
UID_H10_109_2_hem-21,721.476
UID_H10_10_1_hem-24,608.606
UID_H10_10_2_hem-15,3209.64
UID_H10_10_3_hem-5,472.961
UID_H10_110_1_hem-9,641.945
UID_H10_111_1_hem-26,783.311
UID_H10_112_1_hem-13,990.129
UID_H10_112_2_hem-3,901.516
UID_H10_114_1_hem-14,656.378
UID_H10_115_1_hem-7,779.245
UID_H10_115_2_hem-8,700.837
UID_H10_116_1_hem-4,928.921
UID_H10_116_2_hem-17,729.546
UID_H10_116_3_hem-13,634.213
UID_H10_116_4_hem-12,934.589
UID_H10_117_1_hem-11,592.64
UID_H10_117_2_hem-18,572.345
UID_H10_117_3_hem-2,496.818
UID_H10_118_1_hem-7,581.265
UID_H10_118_2_hem-11,557.08
UID_H10_119_1_hem-14,620.647
UID_H10_119_2_hem-9,608.292
UID_H10_119_3_hem-2,535.741
UID_H10_11_1_hem-7,496.566
UID_H10_11_2_hem-16,631.77
UID_H10_120_1_hem-8,661.815
UID_H10_120_2_hem-10,558.647
UID_H10_120_3_hem-3,507.811
UID_H10_120_4_hem-2,513.168
UID_H10_121_1_hem-11,585.546
UID_H10_121_2_hem-6,555.566
UID_H10_122_1_hem-10,604.083
UID_H10_123_1_hem-3,696.876
UID_H10_124_1_hem-2,487.044
UID_H10_124_2_hem-4,566.574
UID_H10_124_3_hem-4,530.724
UID_H10_124_4_hem-2,524.263
UID_H10_125_1_hem-4,536.065
UID_H10_125_2_hem-12,577.16
UID_H10_126_1_hem-13,564.42
UID_H10_126_2_hem-8,531.361
UID_H10_126_3_hem-9,535.488
UID_H10_126_4_hem-4,530.587
UID_H10_127_1_hem-5,482.904
UID_H10_127_2_hem-17,559.504
UID_H10_127_3_hem-12,637.01
UID_H10_127_4_hem-6,534.168
UID_H10_127_5_hem-3,510.488
UID_H10_127_6_hem-14,581.44
UID_H10_128_1_hem-14,600.089
UID_H10_128_2_hem-15,609.272
UID_H10_128_3_hem-3,464.696
UID_H10_129_1_hem-2,503.77
UID_H10_129_2_hem-9,617.01
UID_H10_129_3_hem-20,1282.66
UID_H10_129_4_hem-11,591.175
UID_H10_12_1_hem-5,562.296
UID_H10_12_2_hem-2,837.758
UID_H10_12_3_hem-28,1516.2
UID_H10_130_1_hem-6,1166.95
UID_H10_130_2_hem-13,621.056
UID_H10_131_1_hem-2,531.12
UID_H10_131_2_hem-6,604.907
UID_H10_132_1_hem-7,596.017
UID_H10_132_2_hem-4,519.877
UID_H10_132_3_hem-2,501.434
UID_H10_132_4_hem-5,558.072
UID_H10_132_5_hem-3,480.655
UID_H10_132_6_hem-11,540.146
UID_H10_132_7_hem-2,506.158
UID_H10_133_1_hem-7,625.913
UID_H10_133_2_hem-7,537.42
UID_H10_134_1_hem-13,573.345
UID_H10_134_2_hem-16,580.946
UID_H10_135_1_hem-3,525.705
UID_H10_135_2_hem-6,521.679
UID_H10_136_1_hem-34,788.299
UID_H10_136_2_hem-2,512.993
UID_H10_136_3_hem-4,572.324
UID_H10_137_1_hem-4,514.153
UID_H10_137_2_hem-14,628.759
UID_H10_138_1_hem-7,632.645
UID_H10_138_2_hem-2,498.274
UID_H10_138_3_hem-8,616.261
UID_H10_138_4_hem-6,525.473
UID_H10_139_1_hem-15,682.938
UID_H10_139_2_hem-8,572.416
UID_H10_139_3_hem-4,591.905
UID_H10_13_1_hem-12,740.643
UID_H10_13_2_hem,971.394
UID_H10_140_1_hem-15,649.803
UID_H10_141_1_hem-17,648.929
UID_H10_141_2_hem-20,614.824
UID_H10_141_3_hem-13,671.528
UID_H10_142_1_hem-2,546.933
UID_H10_142_2_hem-16,636.575
UID_H10_142_3_hem-22,618.209
UID_H10_143_1_hem-6,621.229
UID_H10_144_1_hem-2,604.339
UID_H10_144_2_hem-2,545.121
UID_H10_144_3_hem-11,574.02
UID_H10_144_4_hem-17,687.145
UID_H10_145_1_hem-6,1201.91
UID_H10_145_2_hem-17,621.053
UID_H10_146_1_hem-17,747.76
UID_H10_146_2_hem-15,587.091
UID_H10_147_1_hem-10,587.956
UID_H10_147_2_hem-15,636.957
UID_H10_148_1_hem-13,587.711
UID_H10_148_2_hem-6,1037.63
UID_H10_148_3_hem-8,566.814
UID_H10_149_1_hem-2,493.92
UID_H10_149_2_hem-4,526.77
UID_H10_149_3_hem-9,518.166
UID_H10_14_1_hem-15,601.916
UID_H10_14_2_hem-8,515.537
UID_H10_150_1_hem-17,561.592
UID_H10_151_1_hem-14,604.067
UID_H10_152_1_hem-16,690.276
UID_H10_152_2_hem-17,578.855
UID_H10_152_3_hem-10,587.034
UID_H10_153_1_hem-2,479.275
UID_H10_153_2_hem-15,556.464
UID_H10_154_1_hem-21,1278.66
UID_H10_154_2_hem-10,1291.78
UID_H10_154_3_hem-12,1100.15
UID_H10_154_4_hem-4,531.012
UID_H10_154_5_hem-2,525.066
UID_H10_155_1_hem-10,570.09
UID_H10_155_2_hem-2,521.184
UID_H10_155_3_hem-4,539.096
UID_H10_155_4_hem-7,542.61
UID_H10_156_1_hem-4,497.048
UID_H10_156_2_hem-7,558.985
UID_H10_156_3_hem-10,560.159
UID_H10_156_4_hem-8,585.231
UID_H10_156_5_hem-4,525.464
UID_H10_156_6_hem-21,715.286
UID_H10_157_1_hem-12,617.336
UID_H10_157_2_hem-9,583.643
UID_H10_158_1_hem-15,589.159
UID_H10_159_1_hem-2,486.73
UID_H10_159_2_hem-3,494.885
UID_H10_159_3_hem-16,579.685
UID_H10_15_1_hem-4,943.235
UID_H10_160_1_hem-12,602.632
UID_H10_161_1_hem-11,628.848
UID_H10_162_1_hem-9,616.974
UID_H10_162_2_hem-11,591.264
UID_H10_163_1_hem-6,1166.95
UID_H10_163_2_hem-13,621.056
UID_H10_164_1_hem-2,531.184
UID_H10_164_2_hem-8,604.259
UID_H10_165_1_hem-7,596.61
UID_H10_165_2_hem-4,520.365
UID_H10_165_3_hem-2,483.937
UID_H10_165_4_hem-26,788.903
UID_H10_165_5_hem-5,558.117
UID_H10_165_6_hem-3,480.834
UID_H10_165_7_hem-11,540.172
UID_H10_165_8_hem-2,505.954
UID_H10_166_1_hem-7,625.772
UID_H10_166_2_hem-7,538.173
UID_H10_166_3_hem-7,537.133
UID_H10_167_1_hem-13,572.43
UID_H10_167_2_hem-16,580.934
UID_H10_168_1_hem-3,525.705
UID_H10_168_2_hem-6,521.679
UID_H10_169_1_hem-34,789.058
UID_H10_169_2_hem-2,513.535
UID_H10_16_1_hem-24,841.788
UID_H10_16_2_hem-17,662.148
UID_H10_170_1_hem-4,514.139
UID_H10_170_2_hem-14,628.591
UID_H10_171_1_hem-7,632.416
UID_H10_171_2_hem-2,498.294
UID_H10_171_3_hem-16,616.25
UID_H10_171_4_hem-6,525.475
UID_H10_172_1_hem-9,683.294
UID_H10_172_2_hem-8,572.889
UID_H10_172_3_hem-4,592.061
UID_H10_173_1_hem-16,649.396
UID_H10_174_1_hem-17,649.981
UID_H10_174_2_hem-20,614.198
UID_H10_174_3_hem-16,671.314
UID_H10_175_1_hem-2,546.184
UID_H10_175_2_hem-18,636.496
UID_H10_175_3_hem-22,618.309
UID_H10_176_1_hem-6,621.229
UID_H10_177_1_hem-3,603.345
UID_H10_177_2_hem-2,545.014
UID_H10_177_3_hem-11,574.185
UID_H10_177_4_hem-17,687.561
UID_H10_178_1_hem-7,1210.3
UID_H10_178_2_hem-18,621.569
UID_H10_179_1_hem-19,749.053
UID_H10_179_2_hem-15,587.242
UID_H10_17_1_hem-14,799.648
UID_H10_180_1_hem-10,587.31
UID_H10_180_2_hem-17,636.749
UID_H10_181_1_hem-11,588.033
UID_H10_181_2_hem-4,553.133
UID_H10_181_3_hem-6,567.238
UID_H10_182_1_hem-2,494.216
UID_H10_182_2_hem-4,526.977
UID_H10_182_3_hem-9,518.765
UID_H10_183_1_hem-17,561.731
UID_H10_184_1_hem-14,604.007
UID_H10_185_1_hem-16,690.277
UID_H10_185_2_hem-17,578.855
UID_H10_185_3_hem-10,587.156
UID_H10_186_1_hem-15,556.042
UID_H10_187_1_hem-15,900.209
UID_H10_187_2_hem-8,1460.05
UID_H10_187_3_hem-12,1100.14
UID_H10_187_4_hem-5,530.586
UID_H10_187_5_hem-2,525.199
UID_H10_188_1_hem-10,569.651
UID_H10_188_2_hem-4,538.973
UID_H10_188_3_hem-7,542.342
UID_H10_189_1_hem-4,497.661
UID_H10_189_2_hem-7,558.778
UID_H10_189_3_hem-10,560.428
UID_H10_189_4_hem-8,585.411
UID_H10_189_5_hem-7,542.579
UID_H10_189_6_hem-4,526.082
UID_H10_189_7_hem-21,715.588
UID_H10_18_1_hem-3,580.063
UID_H10_190_1_hem-3,580.442
UID_H10_190_2_hem-11,621.076
UID_H10_190_3_hem-9,584.295
UID_H10_191_1_hem-16,589.211
UID_H10_192_1_hem-3,495.222
UID_H10_192_2_hem-21,580.265
UID_H10_193_1_hem-12,602.847
UID_H10_194_1_hem-11,628.671
UID_H10_19_1_hem-11,611.515
UID_H10_1_1_hem-25,604.526
UID_H10_21_1_hem-18,770.717
UID_H10_23_1_hem-14,886.131
UID_H10_24_1_hem-15,590.312
UID_H10_25_1_hem-9,526.329
UID_H10_26_1_hem-12,774.342
UID_H10_27_1_hem-12,768.177
UID_H10_28_1_hem-4,521.968
UID_H10_28_2_hem-15,582.965
UID_H10_29_1_hem-10,729.526
UID_H10_2_1_hem-2,548.87
UID_H10_30_1_hem-22,773.348
UID_H10_31_1_hem-17,576.057
UID_H10_32_1_hem-18,671.418
UID_H10_33_1_hem-21,631.102
UID_H10_33_2_hem-4,620.976
UID_H10_33_3_hem-23,710.158
UID_H10_34_1_hem-7,739.114
UID_H10_35_1_hem-16,673.018
UID_H10_36_1_hem-14,574.817
UID_H10_37_1_hem-18,569.689
UID_H10_38_1_hem-16,538.865
UID_H10_39_1_hem-13,700.091
UID_H10_3_1_hem-8,613.665
UID_H10_3_2_hem-2,509.382
UID_H10_3_3_hem-3,624.707
UID_H10_41_1_hem-14,710.849
UID_H10_43_1_hem-4,569.839
UID_H10_44_1_hem-4,533.404
UID_H10_44_2_hem-28,727.673
UID_H10_45_1_hem-17,630.374
UID_H10_46_1_hem-12,679.789
UID_H10_47_1_hem-22,672.42
UID_H10_47_2_hem-41,826.693
UID_H10_48_1_hem-2,1262.73
UID_H10_49_1_hem-7,721.215
UID_H10_49_2_hem-2,506.598
UID_H10_50_1_hem-27,721.939
UID_H10_51_1_hem-10,726.743
UID_H10_52_1_hem-29,624.32
UID_H10_53_1_hem-29,841.69
UID_H10_53_2_hem-30,836.514
UID_H10_54_1_hem-28,648.853
UID_H10_55_1_hem-27,677.461
UID_H10_56_1_hem-13,571.782
UID_H10_57_1_hem-32,795.022
UID_H10_58_1_hem-16,711.54
UID_H10_5_1_hem-3,775.364
UID_H10_60_1_hem-11,755.435
UID_H10_61_1_hem-18,755.658
UID_H10_62_1_hem-20,575.467
UID_H10_62_2_hem-29,597.052
UID_H10_63_1_hem-23,634.014
UID_H10_64_1_hem-27,1413.89
UID_H10_64_2_hem-21,608.531
UID_H10_65_1_hem-36,666.351
UID_H10_65_2_hem-15,688.021
UID_H10_65_3_hem-18,607.69
UID_H10_66_1_hem-17,607.648
UID_H10_67_1_hem-43,776.919
UID_H10_68_1_hem-14,771.801
UID_H10_6_1_hem-22,735.545
UID_H10_6_2_hem-35,783.328
UID_H10_70_1_hem-8,808.166
UID_H10_71_1_hem-25,605.847
UID_H10_72_1_hem-13,558.927
UID_H10_73_1_hem-29,801.713
UID_H10_74_1_hem-18,851.126
UID_H10_75_1_hem-15,650.604
UID_H10_75_2_hem-7,781.521
UID_H10_76_1_hem-16,574.13
UID_H10_76_2_hem-11,533.846
UID_H10_76_3_hem-10,733.27
UID_H10_77_1_hem-3,793.55
UID_H10_78_1_hem-18,699.548
UID_H10_79_1_hem-5,568.072
UID_H10_7_1_hem-10,718.677
UID_H10_80_1_hem-11,596.49
UID_H10_81_1_hem-24,1237.4
UID_H10_81_2_hem-13,752.396
UID_H10_82_1_hem-17,709.051
UID_H10_82_2_hem-7,637.571
UID_H10_83_1_hem-7,624.318
UID_H10_83_2_hem-3,596.935
UID_H10_84_1_hem-11,578.112
UID_H10_85_1_hem-11,628.339
UID_H10_85_2_hem-8,1069.78
UID_H10_85_3_hem-7,583.525
UID_H10_86_1_hem-2,528.178
UID_H10_86_2_hem-8,585.096
UID_H10_86_3_hem-3,523.915
UID_H10_86_4_hem-10,573.267
UID_H10_87_1_hem-18,622.707
UID_H10_88_1_hem-12,633.563
UID_H10_88_2_hem-20,722.685
UID_H10_88_3_hem-10,586.914
UID_H10_89_1_hem-9,1379.91
UID_H10_89_2_hem-16,622.62
UID_H10_89_3_hem-10,647.544
UID_H10_89_4_hem-13,621.97
UID_H10_89_5_hem-14,624.174
UID_H10_8_1_hem-11,594.226
UID_H10_90_1_hem-18,726.956
UID_H10_90_2_hem-10,583.891
UID_H10_91_1_hem-7,572.051
UID_H10_91_2_hem-12,598.524
UID_H10_91_3_hem-9,643.375
UID_H10_91_4_hem-14,571.251
UID_H10_91_5_hem-6,493.653
UID_H10_91_6_hem-12,563.125
UID_H10_92_1_hem-5,664.835
UID_H10_92_2_hem-6,580.253
UID_H10_92_3_hem-12,630.213
UID_H10_93_1_hem-16,594.929
UID_H10_93_2_hem-7,609.932
UID_H10_93_3_hem-6,530.737
UID_H10_93_4_hem-14,577.709
UID_H10_93_5_hem-8,624.439
UID_H10_94_1_hem-18,656.288
UID_H10_94_2_hem-9,673.014
UID_H10_94_3_hem-15,589.955
UID_H10_95_1_hem-4,613.187
UID_H10_96_1_hem-22,1424.5
UID_H10_96_2_hem-9,589.904
UID_H10_96_3_hem-10,564.439
UID_H10_96_4_hem-13,613.534
UID_H10_97_1_hem-14,598.278
UID_H10_97_2_hem-10,604.159
UID_H10_97_3_hem-12,632.561
UID_H10_97_4_hem-12,585.59
UID_H10_98_1_hem-22,687.506
UID_H10_99_1_hem-13,661.159
UID_H10_9_1_hem-17,686.726
UID_H14_10_1_hem-2,484.412
UID_H14_10_2_hem-3,511.615
UID_H14_10_3_hem-11,614.958
UID_H14_10_4_hem-2,431.342
UID_H14_11_10_hem-6,436.987
UID_H14_11_1_hem-21,682.7
UID_H14_11_2_hem-8,563.826
UID_H14_11_3_hem-3,635.53
UID_H14_11_4_hem-8,590.4
UID_H14_11_5_hem-11,729.663
UID_H14_11_6_hem-23,686.077
UID_H14_11_7_hem-19,701.498
UID_H14_11_8_hem-8,797.138
UID_H14_11_9_hem-2,455.142
UID_H14_12_1_hem-4,640.507
UID_H14_12_2_hem-10,513.396
UID_H14_12_3_hem-8,1111.18
UID_H14_12_4_hem-5,454.093
UID_H14_12_5_hem-2,469.183
UID_H14_12_6_hem-5,476.41
UID_H14_12_7_hem-2,474.876
UID_H14_12_8_hem-2,483.317
UID_H14_13_1_hem-2,519.623
UID_H14_13_2_hem-2,481.452
UID_H14_13_3_hem-2,417.779
UID_H14_13_4_hem-6,495.931
UID_H14_13_5_hem-14,605.938
UID_H14_13_6_hem-10,523.409
UID_H14_13_7_hem-15,579.085
UID_H14_13_8_hem-5,462.975
UID_H14_14_1_hem-15,754.873
UID_H14_14_2_hem-3,696.516
UID_H14_14_3_hem-9,539.434
UID_H14_14_4_hem-5,488.263
UID_H14_14_5_hem-2,452.79
UID_H14_14_6_hem-9,649.601
UID_H14_14_7_hem-8,498.706
UID_H14_14_8_hem-2,443.454
UID_H14_14_9_hem-5,494.736
UID_H14_15_10_hem-2,429.821
UID_H14_15_11_hem-5,472.25
UID_H14_15_12_hem-4,502.634
UID_H14_15_13_hem-13,546.519
UID_H14_15_14_hem-12,643.399
UID_H14_15_1_hem-2,449.635
UID_H14_15_2_hem-10,534.122
UID_H14_15_3_hem-2,420.355
UID_H14_15_4_hem-5,550.081
UID_H14_15_5_hem-15,564.684
UID_H14_15_6_hem-11,558.734
UID_H14_15_7_hem-11,518.081
UID_H14_15_8_hem-9,523.593
UID_H14_15_9_hem-2,468.579
UID_H14_16_10_hem-6,472.202
UID_H14_16_11_hem-8,559.814
UID_H14_16_12_hem-13,514.524
UID_H14_16_13_hem-6,647.28
UID_H14_16_14_hem-6,491.782
UID_H14_16_1_hem-4,831.859
UID_H14_16_2_hem-10,587.831
UID_H14_16_3_hem-9,492.775
UID_H14_16_4_hem-2,489.669
UID_H14_16_5_hem-12,586.19
UID_H14_16_6_hem,749.473
UID_H14_16_7_hem-16,676.216
UID_H14_16_8_hem-9,729.311
UID_H14_16_9_hem-7,482.955
UID_H14_17_10_hem-13,579.283
UID_H14_17_11_hem-2,444.337
UID_H14_17_12_hem-3,525.002
UID_H14_17_13_hem-13,589.187
UID_H14_17_14_hem-10,643.215
UID_H14_17_15_hem-2,932.088
UID_H14_17_1_hem-8,1145.8
UID_H14_17_2_hem-6,1288.18
UID_H14_17_3_hem-2,466.112
UID_H14_17_4_hem-2,443.614
UID_H14_17_5_hem-12,531.854
UID_H14_17_6_hem-5,536.846
UID_H14_17_7_hem-8,577.372
UID_H14_17_8_hem-11,610.665
UID_H14_17_9_hem-3,445.426
UID_H14_18_10_hem-7,966.719
UID_H14_18_11_hem-6,571.018
UID_H14_18_12_hem-3,530.655
UID_H14_18_13_hem-6,522.705
UID_H14_18_14_hem-5,882.206
UID_H14_18_15_hem-17,620.734
UID_H14_18_1_hem-4,565.688
UID_H14_18_2_hem-12,706.154
UID_H14_18_3_hem-6,550.317
UID_H14_18_4_hem-5,549.662
UID_H14_18_5_hem-9,561.796
UID_H14_18_6_hem-13,696.986
UID_H14_18_7_hem-25,643.408
UID_H14_18_8_hem-2,514.84
UID_H14_18_9_hem-4,545.212
UID_H14_19_10_hem-5,515.842
UID_H14_19_11_hem-2,450.847
UID_H14_19_12_hem-14,513.887
UID_H14_19_13_hem-10,539.974
UID_H14_19_14_hem-9,554.976
UID_H14_19_15_hem-13,530.068
UID_H14_19_16_hem-5,534.523
UID_H14_19_17_hem-11,528.738
UID_H14_19_1_hem-9,1151.44
UID_H14_19_2_hem-2,485.896
UID_H14_19_3_hem-9,567.06
UID_H14_19_4_hem-16,696.395
UID_H14_19_5_hem-3,613.532
UID_H14_19_6_hem-10,554.088
UID_H14_19_7_hem,852.891
UID_H14_19_8_hem-8,538.577
UID_H14_19_9_hem-4,518.334
UID_H14_1_10_hem-10,628.768
UID_H14_1_1_hem-9,667.911
UID_H14_1_2_hem-8,543.856
UID_H14_1_3_hem-8,827.88
UID_H14_1_4_hem-3,597.472
UID_H14_1_5_hem-12,637.025
UID_H14_1_6_hem-13,523.658
UID_H14_1_7_hem-7,580.114
UID_H14_1_8_hem-2,525.444
UID_H14_1_9_hem-8,536.485
UID_H14_20_10_hem-11,547.747
UID_H14_20_11_hem-6,545.613
UID_H14_20_12_hem-2,546.443
UID_H14_20_13_hem-4,556.224
UID_H14_20_1_hem-10,579.463
UID_H14_20_2_hem-5,1220.25
UID_H14_20_3_hem-6,1088.51
UID_H14_20_4_hem-13,591.698
UID_H14_20_5_hem-7,1108.12
UID_H14_20_6_hem-4,521.743
UID_H14_20_7_hem-8,523.989
UID_H14_20_8_hem-2,476.506
UID_H14_20_9_hem-5,530.182
UID_H14_21_10_hem-5,926.615
UID_H14_21_1_hem-12,602.558
UID_H14_21_2_hem-8,579.871
UID_H14_21_3_hem-16,562.468
UID_H14_21_4_hem-7,552.776
UID_H14_21_5_hem-7,580.778
UID_H14_21_6_hem-4,528.998
UID_H14_21_7_hem-6,618.008
UID_H14_21_8_hem-7,560.89
UID_H14_21_9_hem-4,1109.65
UID_H14_22_10_hem-2,483.756
UID_H14_22_11_hem-8,639.226
UID_H14_22_1_hem-2,490.364
UID_H14_22_2_hem-2,477.294
UID_H14_22_3_hem-7,534.12
UID_H14_22_4_hem-2,449.443
UID_H14_22_5_hem-2,466.065
UID_H14_22_6_hem-12,554.223
UID_H14_22_7_hem-11,556.013
UID_H14_22_8_hem-5,1093.78
UID_H14_22_9_hem-2,552.425
UID_H14_23_10_hem-10,744.88
UID_H14_23_11_hem-6,500.954
UID_H14_23_12_hem-9,519.989
UID_H14_23_13_hem-11,569.345
UID_H14_23_14_hem-2,459.401
UID_H14_23_1_hem-6,650.301
UID_H14_23_2_hem-5,639.494
UID_H14_23_3_hem-17,613.74
UID_H14_23_4_hem-2,470.697
UID_H14_23_5_hem-27,623.602
UID_H14_23_6_hem-8,549.737
UID_H14_23_7_hem-5,473.548
UID_H14_23_8_hem-7,609.88
UID_H14_23_9_hem-27,813.723
UID_H14_24_10_hem-7,550.069
UID_H14_24_11_hem-9,560.078
UID_H14_24_12_hem-5,476.762
UID_H14_24_13_hem-17,610.59
UID_H14_24_14_hem-7,575.241
UID_H14_24_1_hem-3,544.539
UID_H14_24_2_hem-5,497.228
UID_H14_24_3_hem-7,539.826
UID_H14_24_4_hem,240.602
UID_H14_24_5_hem,601.928
UID_H14_24_6_hem-7,527.794
UID_H14_24_7_hem-2,966.932
UID_H14_24_8_hem-8,518.077
UID_H14_24_9_hem-7,590.321
UID_H14_25_1_hem-2,482.465
UID_H14_25_2_hem-8,545.749
UID_H14_25_3_hem-3,524.697
UID_H14_25_4_hem-10,737.665
UID_H14_25_5_hem-8,569.311
UID_H14_25_6_hem-2,500.99
UID_H14_25_7_hem-5,532.225
UID_H14_26_1_hem-6,586.738
UID_H14_26_2_hem-2,508.173
UID_H14_26_3_hem,811.235
UID_H14_26_4_hem-4,567.192
UID_H14_26_5_hem,859.177
UID_H14_26_6_hem-2,748.908
UID_H14_27_10_hem-9,1136.24
UID_H14_27_11_hem-23,678.67
UID_H14_27_1_hem-9,563.941
UID_H14_27_2_hem-5,505.768
UID_H14_27_3_hem-6,532.064
UID_H14_27_4_hem-6,553.242
UID_H14_27_5_hem-3,539.912
UID_H14_27_6_hem-2,508.041
UID_H14_27_7_hem-4,554.861
UID_H14_27_8_hem-4,538.711
UID_H14_27_9_hem-8,568.668
UID_H14_28_10_hem-15,834.221
UID_H14_28_11_hem-11,553.217
UID_H14_28_12_hem-10,560.273
UID_H14_28_13_hem-11,543.515
UID_H14_28_1_hem-4,502.31
UID_H14_28_2_hem-7,555.16
UID_H14_28_3_hem-13,503.568
UID_H14_28_4_hem-2,442.356
UID_H14_28_5_hem-8,551.833
UID_H14_28_6_hem-6,547.851
UID_H14_28_7_hem-2,818.917
UID_H14_28_8_hem-8,532.163
UID_H14_28_9_hem-12,568.989
UID_H14_29_10_hem,839.884
UID_H14_29_11_hem-4,523.858
UID_H14_29_12_hem-3,523.376
UID_H14_29_13_hem-10,557.758
UID_H14_29_14_hem-10,599.239
UID_H14_29_15_hem-3,491.801
UID_H14_29_1_hem-12,658.487
UID_H14_29_2_hem-17,678.912
UID_H14_29_3_hem-9,697.52
UID_H14_29_4_hem-18,620.115
UID_H14_29_5_hem-2,496.173
UID_H14_29_6_hem-5,523.976
UID_H14_29_7_hem-12,580.48
UID_H14_29_8_hem-5,539.451
UID_H14_29_9_hem-2,476.462
UID_H14_2_10_hem-10,539.011
UID_H14_2_1_hem-10,663.35
UID_H14_2_2_hem-22,1352.22
UID_H14_2_3_hem-6,539.436
UID_H14_2_4_hem-3,1151.66
UID_H14_2_5_hem-2,795.469
UID_H14_2_6_hem-13,754.656
UID_H14_2_7_hem-3,472.949
UID_H14_2_8_hem-3,483.233
UID_H14_2_9_hem-6,597.905
UID_H14_30_1_hem-2,492.91
UID_H14_30_2_hem-30,671.578
UID_H14_30_3_hem-13,545.198
UID_H14_30_4_hem-5,519.199
UID_H14_30_5_hem-13,602.576
UID_H14_30_6_hem-4,490.291
UID_H14_30_7_hem-3,494.246
UID_H14_31_1_hem-5,577.208
UID_H14_31_2_hem-4,932.208
UID_H14_31_3_hem-15,1301.74
UID_H14_32_1_hem-9,557.601
UID_H14_32_2_hem-4,488.867
UID_H14_32_3_hem-5,515.889
UID_H14_32_4_hem-2,484.165
UID_H14_32_5_hem-3,483.586
UID_H14_32_6_hem,726.268
UID_H14_32_7_hem-2,468.314
UID_H14_32_8_hem-3,496.58
UID_H14_33_1_hem-17,658.697
UID_H14_33_2_hem-10,544.252
UID_H14_33_3_hem-9,623.805
UID_H14_33_4_hem-6,620.034
UID_H14_33_5_hem-2,482.154
UID_H14_33_6_hem-5,558.528
UID_H14_33_7_hem-6,597.183
UID_H14_33_8_hem-9,606.009
UID_H14_34_1_hem-5,575.665
UID_H14_34_2_hem-11,550.728
UID_H14_34_3_hem-13,571.482
UID_H14_34_4_hem-4,533.829
UID_H14_34_5_hem-7,898.302
UID_H14_34_6_hem-13,529.233
UID_H14_35_10_hem-6,506.014
UID_H14_35_11_hem-5,510.619
UID_H14_35_12_hem-10,564.512
UID_H14_35_13_hem-4,511.426
UID_H14_35_1_hem-2,498.336
UID_H14_35_2_hem-5,488.431
UID_H14_35_3_hem-3,839.287
UID_H14_35_4_hem-3,477.722
UID_H14_35_5_hem-8,696.241
UID_H14_35_6_hem-9,507.743
UID_H14_35_7_hem-10,536.562
UID_H14_35_8_hem-3,887.812
UID_H14_35_9_hem-20,1512.57
UID_H14_36_10_hem-7,478.328
UID_H14_36_1_hem-2,845.036
UID_H14_36_2_hem-7,888.601
UID_H14_36_3_hem-7,517.155
UID_H14_36_4_hem-3,902.16
UID_H14_36_5_hem-13,553.882
UID_H14_36_6_hem-9,539.604
UID_H14_36_7_hem-7,552.437
UID_H14_36_8_hem-4,483.369
UID_H14_36_9_hem-5,491.595
UID_H14_3_1_hem-2,572.423
UID_H14_3_2_hem-4,650.602
UID_H14_3_3_hem-12,582.449
UID_H14_3_4_hem-4,539.033
UID_H14_3_5_hem-20,727.377
UID_H14_3_6_hem-7,663.947
UID_H14_4_10_hem-7,828.31
UID_H14_4_11_hem-5,528.674
UID_H14_4_12_hem-21,1490.76
UID_H14_4_13_hem-15,1037.57
UID_H14_4_14_hem-9,562.877
UID_H14_4_15_hem-8,605.396
UID_H14_4_16_hem-7,532.928
UID_H14_4_17_hem-8,594.511
UID_H14_4_1_hem-6,579.793
UID_H14_4_2_hem-6,569.025
UID_H14_4_3_hem-5,543.14
UID_H14_4_4_hem-15,794.085
UID_H14_4_5_hem-2,617.856
UID_H14_4_6_hem-14,780.673
UID_H14_4_7_hem-8,759.051
UID_H14_4_8_hem-4,528.021
UID_H14_4_9_hem-5,526.659
UID_H14_5_1_hem-2,2225.59
UID_H14_5_2_hem,949.774
UID_H14_5_3_hem-9,629.831
UID_H14_5_4_hem-10,553.906
UID_H14_5_5_hem-10,624.404
UID_H14_6_10_hem-5,474.648
UID_H14_6_11_hem-11,956.654
UID_H14_6_12_hem-4,584.888
UID_H14_6_1_hem-2,447.421
UID_H14_6_2_hem-7,499.08
UID_H14_6_3_hem-6,495.628
UID_H14_6_4_hem-22,566.584
UID_H14_6_5_hem-3,477.377
UID_H14_6_6_hem-8,512.342
UID_H14_6_7_hem-8,591.926
UID_H14_6_8_hem-19,647.743
UID_H14_6_9_hem-9,532.293
UID_H14_7_10_hem-9,733.272
UID_H14_7_1_hem-2,589.65
UID_H14_7_2_hem-9,548.948
UID_H14_7_3_hem-16,1052.71
UID_H14_7_4_hem-8,580.108
UID_H14_7_5_hem-7,574.534
UID_H14_7_6_hem-15,592.465
UID_H14_7_7_hem-8,533.065
UID_H14_7_8_hem-16,543.116
UID_H14_7_9_hem-7,491.981
UID_H14_8_10_hem-6,510.067
UID_H14_8_11_hem-13,601.895
UID_H14_8_12_hem-4,473.984
UID_H14_8_13_hem-2,501.3
UID_H14_8_14_hem-5,464.074
UID_H14_8_15_hem-7,507.996
UID_H14_8_16_hem-12,548.055
UID_H14_8_17_hem-8,539.77
UID_H14_8_1_hem-3,479.794
UID_H14_8_2_hem-10,534.769
UID_H14_8_3_hem-5,563.116
UID_H14_8_4_hem-2,467.425
UID_H14_8_5_hem-2,501.532
UID_H14_8_6_hem-2,432.827
UID_H14_8_7_hem-4,511.825
UID_H14_8_8_hem-17,689.693
UID_H14_8_9_hem-7,496.476
UID_H14_9_10_hem-7,508.589
UID_H14_9_11_hem-10,546.862
UID_H14_9_12_hem-16,535.829
UID_H14_9_13_hem-9,570.103
UID_H14_9_14_hem-11,570.094
UID_H14_9_15_hem-9,506.559
UID_H14_9_1_hem-3,512.664
UID_H14_9_2_hem-5,570.492
UID_H14_9_3_hem-5,497.512
UID_H14_9_4_hem-7,510.87
UID_H14_9_5_hem-12,601.517
UID_H14_9_6_hem-3,475.327
UID_H14_9_7_hem-2,488.777
UID_H14_9_8_hem-5,463.818
UID_H14_9_9_hem-2,525.832
UID_H22_10_1_hem-8,789.451
UID_H22_10_2_hem-12,1270.58
UID_H22_10_3_hem-14,1314.3
UID_H22_10_4_hem-14,757.727
UID_H22_10_5_hem-8,542.057
UID_H22_10_6_hem-10,545.039
UID_H22_10_7_hem-5,518.59
UID_H22_10_8_hem-20,593.096
UID_H22_11_10_hem-2,503.247
UID_H22_11_11_hem-9,672.362
UID_H22_11_1_hem-8,553.296
UID_H22_11_2_hem-5,521.609
UID_H22_11_3_hem-10,974.869
UID_H22_11_4_hem-6,566.325
UID_H22_11_5_hem-15,1163.26
UID_H22_11_6_hem-6,554.345
UID_H22_11_7_hem-10,1140.29
UID_H22_11_8_hem-7,550
UID_H22_11_9_hem-12,937.362
UID_H22_12_10_hem-3,997.067
UID_H22_12_11_hem-3,509.661
UID_H22_12_1_hem-7,1016.84
UID_H22_12_2_hem-2,414.929
UID_H22_12_3_hem-5,577.15
UID_H22_12_4_hem-7,631.442
UID_H22_12_5_hem-11,1614.23
UID_H22_12_6_hem-6,930.652
UID_H22_12_7_hem-23,766.453
UID_H22_12_8_hem,888.98
UID_H22_12_9_hem-11,717.248
UID_H22_13_10_hem-10,524.086
UID_H22_13_1_hem-4,521.673
UID_H22_13_2_hem-2,470.753
UID_H22_13_3_hem-3,530.806
UID_H22_13_4_hem,911.082
UID_H22_13_5_hem-3,1341.8
UID_H22_13_6_hem-4,751.484
UID_H22_13_7_hem-2,513.848
UID_H22_13_8_hem-4,510.436
UID_H22_13_9_hem-5,960.355
UID_H22_14_1_hem-12,632.674
UID_H22_14_2_hem-5,539.085
UID_H22_14_3_hem-4,508.7
UID_H22_14_4_hem-4,478.622
UID_H22_14_5_hem-8,613.168
UID_H22_14_6_hem-9,557.448
UID_H22_14_7_hem-12,581.864
UID_H22_14_8_hem-10,633.885
UID_H22_15_1_hem-2,504.805
UID_H22_15_2_hem-2,542.008
UID_H22_15_3_hem-8,539.361
UID_H22_15_4_hem-7,1297.59
UID_H22_15_5_hem-3,514.455
UID_H22_15_6_hem-3,480.753
UID_H22_15_7_hem-6,510.633
UID_H22_15_8_hem-2,821.579
UID_H22_16_1_hem-12,545.722
UID_H22_16_2_hem-3,515.286
UID_H22_16_3_hem-2,487.702
UID_H22_16_4_hem-15,774.204
UID_H22_16_5_hem-5,500.616
UID_H22_16_6_hem-2,458.225
UID_H22_16_7_hem-7,581.642
UID_H22_16_8_hem-15,765.251
UID_H22_17_10_hem-6,560.003
UID_H22_17_11_hem-2,470.738
UID_H22_17_12_hem-10,552.98
UID_H22_17_13_hem-13,973.91
UID_H22_17_1_hem-4,505.323
UID_H22_17_2_hem-4,629.652
UID_H22_17_3_hem-13,691.328
UID_H22_17_4_hem-2,506.746
UID_H22_17_5_hem-5,778.617
UID_H22_17_6_hem-15,1099.31
UID_H22_17_7_hem-2,478.822
UID_H22_17_8_hem-2,545.891
UID_H22_17_9_hem-4,470.798
UID_H22_18_1_hem-4,549.781
UID_H22_18_2_hem-4,552.133
UID_H22_18_3_hem,850.643
UID_H22_18_4_hem,898.38
UID_H22_18_5_hem,1182.57
UID_H22_18_6_hem-5,514.237
UID_H22_18_7_hem-10,578.071
UID_H22_18_8_hem-2,521.238
UID_H22_18_9_hem-13,560.1
UID_H22_19_1_hem-7,548.92
UID_H22_19_2_hem-5,518.573
UID_H22_19_3_hem-9,5853.7
UID_H22_19_4_hem-4,600.782
UID_H22_19_5_hem-2,456.812
UID_H22_19_6_hem-2,515.788
UID_H22_19_7_hem-17,808.526
UID_H22_19_8_hem-13,651.452
UID_H22_1_1_hem-2,490.913
UID_H22_1_2_hem-9,505.63
UID_H22_1_3_hem-6,550.333
UID_H22_1_4_hem,741.261
UID_H22_1_5_hem-8,527.752
UID_H22_1_6_hem-4,529.697
UID_H22_1_7_hem-23,521.916
UID_H22_1_8_hem-8,528.528
UID_H22_1_9_hem-2,489.848
UID_H22_20_10_hem-7,517.267
UID_H22_20_11_hem-6,532.125
UID_H22_20_1_hem-19,751.57
UID_H22_20_2_hem-4,493.181
UID_H22_20_3_hem-8,1207.21
UID_H22_20_4_hem-3,912.396
UID_H22_20_5_hem-6,528.05
UID_H22_20_6_hem-8,525.821
UID_H22_20_7_hem-4,626.836
UID_H22_20_8_hem-15,537.634
UID_H22_20_9_hem-9,577.34
UID_H22_21_10_hem-9,671.003
UID_H22_21_11_hem-9,692.936
UID_H22_21_12_hem-3,489.188
UID_H22_21_13_hem-3,473.079
UID_H22_21_14_hem-13,582.781
UID_H22_21_15_hem-8,533.4
UID_H22_21_16_hem-10,1153.52
UID_H22_21_1_hem-17,1674.33
UID_H22_21_2_hem-3,517.104
UID_H22_21_3_hem,706.664
UID_H22_21_4_hem-4,662.8
UID_H22_21_5_hem-14,668.616
UID_H22_21_6_hem-12,608.856
UID_H22_21_7_hem-2,471.975
UID_H22_21_8_hem-3,495.176
UID_H22_21_9_hem-2,500.467
UID_H22_22_1_hem-6,564.116
UID_H22_22_2_hem-4,498.528
UID_H22_22_3_hem-9,496.969
UID_H22_22_4_hem-16,598.295
UID_H22_22_5_hem-5,507.113
UID_H22_22_6_hem-15,713.486
UID_H22_22_7_hem-7,477.746
UID_H22_22_8_hem-10,536.774
UID_H22_22_9_hem-11,572.674
UID_H22_23_10_hem-21,706.598
UID_H22_23_11_hem-3,653.293
UID_H22_23_12_hem-5,477.831
UID_H22_23_13_hem-16,612.599
UID_H22_23_14_hem-10,509.212
UID_H22_23_15_hem-20,569.867
UID_H22_23_16_hem-13,552.685
UID_H22_23_17_hem-7,620.318
UID_H22_23_18_hem-9,510.237
UID_H22_23_1_hem-2,451.315
UID_H22_23_2_hem-3,496.086
UID_H22_23_3_hem-10,541.499
UID_H22_23_4_hem-3,656.162
UID_H22_23_5_hem-8,1749.5
UID_H22_23_6_hem-6,1036.33
UID_H22_23_7_hem-21,564.439
UID_H22_23_8_hem-4,480.596
UID_H22_23_9_hem-8,493.908
UID_H22_24_1_hem-2,494.271
UID_H22_24_2_hem-13,744.959
UID_H22_24_3_hem-4,559.669
UID_H22_25_1_hem-3,564.89
UID_H22_25_2_hem-15,596.615
UID_H22_25_3_hem-2,512.777
UID_H22_25_4_hem-3,544.11
UID_H22_25_5_hem-9,549.722
UID_H22_25_6_hem-11,600.47
UID_H22_25_7_hem-6,584.856
UID_H22_26_1_hem-3,533.699
UID_H22_26_2_hem-4,635.84
UID_H22_26_3_hem-6,511.343
UID_H22_26_4_hem-6,540.272
UID_H22_26_5_hem-4,883.252
UID_H22_26_6_hem-13,598.735
UID_H22_26_7_hem-7,581.18
UID_H22_27_1_hem-3,577.067
UID_H22_27_2_hem-7,828.062
UID_H22_27_3_hem-15,1214.06
UID_H22_27_4_hem-2,476.525
UID_H22_27_5_hem-3,495.067
UID_H22_27_6_hem,668.119
UID_H22_27_7_hem-4,499.726
UID_H22_27_8_hem-2,457.629
UID_H22_28_10_hem-8,680.711
UID_H22_28_11_hem-8,470.804
UID_H22_28_12_hem-15,583.48
UID_H22_28_13_hem-9,513.516
UID_H22_28_1_hem-5,559.083
UID_H22_28_2_hem-5,484.431
UID_H22_28_3_hem-8,484.834
UID_H22_28_4_hem-2,522.01
UID_H22_28_5_hem-6,666.078
UID_H22_28_6_hem-11,1065.13
UID_H22_28_7_hem-3,492.724
UID_H22_28_8_hem-3,492.468
UID_H22_28_9_hem-2,507.362
UID_H22_29_10_hem-11,597.416
UID_H22_29_11_hem-7,534.719
UID_H22_29_1_hem,797.944
UID_H22_29_2_hem,644.406
UID_H22_29_3_hem-2,489.427
UID_H22_29_4_hem-6,540.961
UID_H22_29_5_hem,876.29
UID_H22_29_6_hem-2,496.36
UID_H22_29_7_hem-6,551.493
UID_H22_29_8_hem-4,520.492
UID_H22_29_9_hem-6,518.959
UID_H22_2_1_hem-10,650.866
UID_H22_2_2_hem-6,868.652
UID_H22_2_3_hem-11,544.449
UID_H22_2_4_hem-3,528.667
UID_H22_2_5_hem-5,790.463
UID_H22_2_6_hem-8,535.786
UID_H22_2_7_hem-9,611.483
UID_H22_2_8_hem-17,1186.6
UID_H22_2_9_hem-6,553.639
UID_H22_30_1_hem-3,457.376
UID_H22_30_2_hem-4,455.935
UID_H22_30_3_hem-10,912.044
UID_H22_30_4_hem-2,467.09
UID_H22_30_5_hem-8,491.418
UID_H22_31_10_hem-6,524.243
UID_H22_31_11_hem-7,570.026
UID_H22_31_12_hem-6,477.403
UID_H22_31_13_hem-5,478.838
UID_H22_31_14_hem-15,520.108
UID_H22_31_15_hem-13,558.609
UID_H22_31_1_hem-3,574.806
UID_H22_31_2_hem-2,485.939
UID_H22_31_3_hem-5,831.839
UID_H22_31_4_hem-5,815.848
UID_H22_31_5_hem-7,520.59
UID_H22_31_6_hem-14,730.164
UID_H22_31_7_hem-5,731.423
UID_H22_31_8_hem-3,890.087
UID_H22_31_9_hem-3,456.808
UID_H22_32_10_hem-15,532.12
UID_H22_32_1_hem-3,573.919
UID_H22_32_2_hem-2,449.459
UID_H22_32_3_hem-4,481.742
UID_H22_32_4_hem-3,483.197
UID_H22_32_5_hem-12,522.894
UID_H22_32_6_hem-7,562.19
UID_H22_32_7_hem-2,507.422
UID_H22_32_8_hem-7,519.945
UID_H22_32_9_hem-8,490.253
UID_H22_33_10_hem-6,497.201
UID_H22_33_1_hem-5,738.885
UID_H22_33_2_hem-2,509.077
UID_H22_33_3_hem-4,543.01
UID_H22_33_4_hem-5,489.913
UID_H22_33_5_hem-2,447.275
UID_H22_33_6_hem-10,580.924
UID_H22_33_7_hem-8,537.251
UID_H22_33_8_hem-8,554.361
UID_H22_33_9_hem-5,470.559
UID_H22_34_1_hem-21,602.568
UID_H22_34_2_hem-9,604.889
UID_H22_34_3_hem-7,503.715
UID_H22_34_4_hem-5,499.045
UID_H22_34_5_hem-32,799.612
UID_H22_34_6_hem-5,501.572
UID_H22_34_7_hem-3,470.494
UID_H22_34_8_hem-12,1640.93
UID_H22_35_10_hem-5,822.671
UID_H22_35_11_hem-2,461.463
UID_H22_35_12_hem-16,713.249
UID_H22_35_1_hem-5,977.787
UID_H22_35_2_hem-9,592.213
UID_H22_35_3_hem,448.536
UID_H22_35_4_hem-9,1409.65
UID_H22_35_5_hem-2,453.069
UID_H22_35_6_hem-6,496.512
UID_H22_35_7_hem-3,466.274
UID_H22_35_8_hem-3,489.793
UID_H22_35_9_hem-6,537.19
UID_H22_36_1_hem-8,542.261
UID_H22_36_2_hem-2,452.316
UID_H22_36_3_hem-2,449.453
UID_H22_36_4_hem-3,480.088
UID_H22_36_5_hem-5,511.138
UID_H22_36_6_hem-4,489.13
UID_H22_36_7_hem-3,503.216
UID_H22_36_8_hem-2,506.475
UID_H22_3_10_hem-8,605.111
UID_H22_3_11_hem-2,512.703
UID_H22_3_12_hem-7,554.087
UID_H22_3_13_hem-9,623.656
UID_H22_3_14_hem,1137.86
UID_H22_3_15_hem-5,1050.33
UID_H22_3_1_hem-3,490.995
UID_H22_3_2_hem-2,516.315
UID_H22_3_3_hem,6822.39
UID_H22_3_4_hem-4,537.187
UID_H22_3_5_hem-4,502.117
UID_H22_3_6_hem-4,526.058
UID_H22_3_7_hem-19,554.251
UID_H22_3_8_hem-3,522.069
UID_H22_3_9_hem-5,587.369
UID_H22_4_10_hem-3,564.075
UID_H22_4_11_hem-7,784.646
UID_H22_4_12_hem-2,651.945
UID_H22_4_1_hem-5,787.241
UID_H22_4_2_hem-6,527.917
UID_H22_4_3_hem-10,946.735
UID_H22_4_4_hem-4,504.927
UID_H22_4_5_hem-2,485.557
UID_H22_4_6_hem-9,558.185
UID_H22_4_7_hem-10,521.636
UID_H22_4_8_hem-4,522.664
UID_H22_4_9_hem-2,479.564
UID_H22_5_10_hem-4,521.005
UID_H22_5_11_hem-3,508.56
UID_H22_5_12_hem-2,481.988
UID_H22_5_13_hem-12,616.469
UID_H22_5_14_hem-3,463.584
UID_H22_5_15_hem-11,616.148
UID_H22_5_16_hem-4,782.382
UID_H22_5_17_hem-3,521.733
UID_H22_5_18_hem-8,1105.12
UID_H22_5_19_hem-7,523.638
UID_H22_5_1_hem-3,532.017
UID_H22_5_20_hem-4,553.45
UID_H22_5_21_hem-17,574.63
UID_H22_5_2_hem,801.684
UID_H22_5_3_hem-4,521.631
UID_H22_5_4_hem-2,463.541
UID_H22_5_5_hem,900.886
UID_H22_5_6_hem-2,489.909
UID_H22_5_7_hem-2,760.809
UID_H22_5_8_hem-2,467.962
UID_H22_5_9_hem-10,520.536
UID_H22_6_1_hem-4,533.483
UID_H22_6_2_hem,813.321
UID_H22_6_3_hem-3,523.605
UID_H22_6_4_hem-6,900.25
UID_H22_6_5_hem-12,578.704
UID_H22_6_6_hem-2,482.062
UID_H22_6_7_hem-3,554.086
UID_H22_6_8_hem-8,551.307
UID_H22_6_9_hem-5,559.839
UID_H22_7_10_hem,743.321
UID_H22_7_11_hem,721.565
UID_H22_7_1_hem-18,683.714
UID_H22_7_2_hem-4,539.166
UID_H22_7_3_hem-4,563.231
UID_H22_7_4_hem-5,546.603
UID_H22_7_5_hem-2,518.319
UID_H22_7_6_hem,803.656
UID_H22_7_7_hem-8,552.331
UID_H22_7_8_hem-2,535.332
UID_H22_7_9_hem,925.838
UID_H22_8_1_hem-3,525.256
UID_H22_8_2_hem-2,518.227
UID_H22_8_3_hem-8,806.718
UID_H22_8_4_hem-5,527.329
UID_H22_8_5_hem-2,494.386
UID_H22_8_6_hem-4,591.81
UID_H22_9_10_hem-4,1105.26
UID_H22_9_11_hem-18,618.381
UID_H22_9_12_hem-3,563.32
UID_H22_9_13_hem-7,563.647
UID_H22_9_14_hem-17,696.969
UID_H22_9_15_hem-10,538.22
UID_H22_9_16_hem-14,598.997
UID_H22_9_1_hem-8,813.684
UID_H22_9_2_hem-3,504.696
UID_H22_9_3_hem-2,467.859
UID_H22_9_4_hem-19,64.1734
UID_H22_9_5_hem-2,502.856
UID_H22_9_6_hem-8,628.988
UID_H22_9_7_hem,654.647
UID_H22_9_8_hem-3,519.43
UID_H22_9_9_hem-5,1033.07
