Contour,Area,hemModel (normalized mode 1),hemModel (normalized mode 2)
UID_H11_1_1_hem-13,27985.1,0.524944,-0.206738
UID_H11_10_1_hem-6,22508.6,0.227228,0.460277
UID_H11_10_2_hem-14,28077.2,0.60453,-0.0134283
UID_H11_10_3_hem-3,17380,-0.0514034,1.25245
UID_H11_11_1_hem-19,23044.4,0.0999188,-0.154289
UID_H11_11_2_hem-18,32711,0.790117,-0.616922
UID_H11_12_1_hem-8,34589,0.762471,-1.08445
UID_H11_12_2_hem-4,4618.47,-3.33192,-0.767527
UID_H11_12_3_hem-10,32536.2,0.765301,-0.618384
UID_H11_12_4_hem-12,25718.7,0.428937,0.164999
UID_H11_13_1_hem-2,20725.7,0.106069,0.604199
UID_H11_13_2_hem-11,32102.4,0.740164,-0.590799
UID_H11_13_3_hem-6,19200.7,0.0399492,0.90124
UID_H11_13_4_hem-12,27070.4,0.488558,-0.0467277
UID_H11_13_5_hem-10,25823.8,0.430984,0.159364
UID_H11_14_1_hem-5,23210.2,-0.0732195,-0.726583
UID_H11_14_2_hem-29,35955.7,0.989513,-0.867917
UID_H11_14_3_hem-18,21310.6,0.114621,0.449446
UID_H11_14_4_hem-18,28322.4,0.441966,-0.527998
UID_H11_15_1_hem-14,34735.2,0.849869,-0.959091
UID_H11_15_2_hem-14,28209.2,0.408257,-0.729573
UID_H11_15_3_hem-16,34328.8,0.735337,-1.13766
UID_H11_15_4_hem-6,33644.6,0.880223,-0.574743
UID_H11_16_1_hem-14,32952.5,0.693326,-1.08872
UID_H11_16_2_hem-16,28268.4,0.546727,-0.243744
UID_H11_17_1_hem-28,36706.3,0.941764,-1.08027
UID_H11_17_2_hem-11,30710.8,0.606351,-0.825125
UID_H11_18_1_hem-14,31279.6,0.717894,-0.508024
UID_H11_18_2_hem-14,27495.2,0.549046,-0.00995882
UID_H11_19_1_hem-16,34930,0.870003,-0.944663
UID_H11_19_2_hem-15,28913.4,0.442793,-0.817706
UID_H11_19_3_hem-22,34574,0.765526,-1.11989
UID_H11_19_4_hem-18,34011.7,0.912077,-0.584845
UID_H11_20_1_hem-8,23317.7,0.249653,0.262082
UID_H11_20_2_hem-14,40447.3,0.807153,-2.1737
UID_H11_21_1_hem-14,32904.6,0.646207,-1.03313
UID_H11_21_2_hem-15,26826.4,0.531292,0.0903859
UID_H11_3_1_hem-8,42267.1,1.20257,-1.6112
UID_H11_4_1_hem-23,16269,-2.72098,-0.372484
UID_H11_5_1_hem-20,29149.7,0.456195,-0.840151
UID_H11_6_1_hem-5,42197.4,1.19423,-1.57099
UID_H11_6_2_hem-9,37829,0.828836,-1.82679
UID_H11_7_1_hem-29,38407.6,0.944344,-1.38993
UID_H11_8_1_hem-9,36899.5,0.878595,-1.52618
UID_H11_8_2_hem-12,28811.9,0.5922,-0.228559
UID_H11_9_1_hem-8,30600,0.692789,-0.425234
UID_H11_9_2_hem-22,29195.4,0.568713,-0.382942
UID_H12_1_1_hem-7,28943.2,0.506221,-0.525765
UID_H12_1_2_hem-7,21337.9,0.153684,0.593589
UID_H12_1_3_hem-8,22084.7,0.208482,0.468801
UID_H12_1_4_hem-3,18544.3,-2.42644,-5.31753
UID_H12_1_5_hem-4,29572.2,0.615235,-0.385622
UID_H12_1_6_hem-9,21097.6,0.156489,0.624906
UID_H12_10_1_hem-32,44406.7,1.35886,-1.54044
UID_H12_10_2_hem-10,26807.6,0.430744,-0.261302
UID_H12_11_1_hem-11,36138.2,0.270104,-2.26945
UID_H12_11_2_hem-16,33007.4,0.819921,-0.659163
UID_H12_11_3_hem-11,46904.8,1.18754,-2.2591
UID_H12_12_1_hem-8,18742.2,0.0150767,1.01175
UID_H12_12_2_hem-10,19067,0.00547409,0.884169
UID_H12_12_3_hem-19,31856.5,0.696981,-0.767793
UID_H12_12_4_hem-11,24750,0.323578,0.0386633
UID_H12_12_5_hem-7,20273.9,0.0666183,0.616664
UID_H12_12_6_hem-6,19006.1,-0.0136289,0.80092
UID_H12_12_7_hem-12,20766.9,0.171234,0.791001
UID_H12_13_1_hem-9,24375.5,0.268667,0.0381778
UID_H12_13_2_hem-9,41655.4,1.17375,-1.53934
UID_H12_13_3_hem-9,28551.2,0.590301,-0.134381
UID_H12_13_4_hem-7,18844.9,0.0146406,0.938887
UID_H12_13_5_hem-6,21197.9,0.0673062,0.410272
UID_H12_13_6_hem-11,21519.2,0.163286,0.540903
UID_H12_13_7_hem-3,21197.5,0.189891,0.719716
UID_H12_14_1_hem-8,24198.6,0.245405,0.0195937
UID_H12_14_2_hem-7,20970.8,0.162648,0.734686
UID_H12_14_3_hem-4,20156,0.0319284,0.571545
UID_H12_15_1_hem-13,37687.2,1.04604,-0.999817
UID_H12_15_2_hem-12,20254,-2.10259,-0.566027
UID_H12_15_3_hem-7,19491.1,0.0249981,0.752474
UID_H12_15_4_hem-6,21639.4,0.181613,0.530342
UID_H12_15_5_hem-4,2024.48,-3.53539,-2.4703
UID_H12_15_6_hem-3,17390.4,-0.0780977,1.14994
UID_H12_15_7_hem-28,27639.1,0.459951,-0.400703
UID_H12_16_1_hem-9,21070.7,0.175794,0.737295
UID_H12_16_2_hem-9,22509.3,0.27356,0.606908
UID_H12_17_1_hem-9,21496.3,0.0658124,0.333047
UID_H12_17_2_hem-7,33484.4,0.704883,-1.04447
UID_H12_18_1_hem-4,23877.7,0.308353,0.242113
UID_H12_18_2_hem-9,22501.2,0.244929,0.47645
UID_H12_18_3_hem-9,25140.6,0.365647,0.0649737
UID_H12_18_4_hem-16,39156.9,1.06182,-1.33996
UID_H12_18_5_hem-9,19817.1,0.0514115,0.734182
UID_H12_19_1_hem-10,24897.4,0.396802,0.246052
UID_H12_19_2_hem-15,24228.6,0.31441,0.182979
UID_H12_19_3_hem-5,19757.5,0.0594897,0.748106
UID_H12_19_4_hem-12,22853.2,0.268591,0.498901
UID_H12_19_5_hem-8,18902.1,0.0209796,0.986059
UID_H12_19_6_hem-5,23878.9,0.327658,0.310357
UID_H12_2_1_hem-3,22005.6,0.234877,0.592351
UID_H12_2_2_hem-12,25621.9,0.413245,0.0743722
UID_H12_2_3_hem-11,26623.5,0.484212,-0.00902975
UID_H12_2_4_hem-3,4496.1,-2.68545,-0.571578
UID_H12_2_5_hem-10,29521.6,0.684263,-0.137404
UID_H12_2_6_hem-12,29772.9,0.585168,-0.481699
UID_H12_20_1_hem-10,24693.8,0.389093,0.277744
UID_H12_20_2_hem-13,24169,0.316393,0.206206
UID_H12_20_3_hem-10,19753.6,0.0606411,0.748835
UID_H12_20_4_hem-11,22887.2,0.267319,0.482823
UID_H12_20_5_hem-4,18551.6,-0.0448216,0.846115
UID_H12_21_1_hem-5,30181.9,0.409006,-1.22124
UID_H12_22_1_hem-9,34447.2,0.238233,-1.56128
UID_H12_22_2_hem-6,20197.4,0.022869,0.480503
UID_H12_22_3_hem-9,20446,0.109076,0.739268
UID_H12_22_4_hem-18,36268.9,0.418573,-2.81159
UID_H12_22_5_hem-9,48591.5,0.319303,-3.12744
UID_H12_22_6_hem-8,24776.6,0.336027,0.186612
UID_H12_22_7_hem-3,34515.5,0.894664,-0.748617
UID_H12_22_8_hem-10,22296.4,0.173163,0.316618
UID_H12_23_1_hem-20,19106.2,-2.07518,-0.271438
UID_H12_23_2_hem-18,45553.6,1.35978,-1.84687
UID_H12_23_3_hem-3,24878.9,0.329076,0.126729
UID_H12_23_4_hem-17,21499.1,0.123982,0.474864
UID_H12_24_1_hem-9,26264.1,0.428026,-0.0469117
UID_H12_24_2_hem-9,24881.7,0.410531,0.316746
UID_H12_24_3_hem-8,22477.6,0.240889,0.503856
UID_H12_24_4_hem-10,23028.6,0.240057,0.27269
UID_H12_24_5_hem-8,24438.7,0.416413,0.436145
UID_H12_24_6_hem-10,24036.8,0.271095,0.0733383
UID_H12_24_7_hem-4,20496.9,0.125371,0.75185
UID_H12_25_1_hem-8,21933.9,0.163819,0.353175
UID_H12_25_10_hem-10,23142.3,0.240212,0.242338
UID_H12_25_2_hem-15,26227,0.395816,-0.099685
UID_H12_25_3_hem-14,26217.8,0.436821,-0.0333873
UID_H12_25_4_hem-7,18703.6,-0.0719724,0.70762
UID_H12_25_5_hem-10,29095.4,0.631006,-0.188438
UID_H12_25_6_hem-15,24644.1,0.385473,0.318277
UID_H12_25_7_hem-18,22067.4,0.215537,0.549069
UID_H12_25_8_hem-8,19444.7,0.0422342,0.812555
UID_H12_25_9_hem-6,19348.8,-0.0602994,0.571561
UID_H12_26_1_hem-11,27706.7,0.557426,-0.057518
UID_H12_26_2_hem-12,20760.5,0.143887,0.705702
UID_H12_26_3_hem-11,33208.5,0.868672,-0.504751
UID_H12_26_4_hem-11,26298.2,0.423334,-0.0858218
UID_H12_26_5_hem-7,21069.8,0.0231651,0.326805
UID_H12_26_6_hem-10,23596.2,0.319777,0.404752
UID_H12_26_7_hem-7,19382.2,0.0558699,0.910131
UID_H12_26_8_hem-13,28073.3,0.544809,-0.155235
UID_H12_27_1_hem-11,22317.9,0.260672,0.605231
UID_H12_27_2_hem-30,39768.9,1.16261,-1.21646
UID_H12_27_3_hem-16,25880.5,0.396621,-0.00577998
UID_H12_28_1_hem-7,25644.6,0.454429,0.193152
UID_H12_28_2_hem-4,10971.9,-2.41367,1.26957
UID_H12_28_3_hem-5,7701.47,-2.88035,-1.53087
UID_H12_28_4_hem-8,29931.3,0.714963,-0.177684
UID_H12_29_1_hem-7,16217.9,-0.194254,1.20595
UID_H12_29_2_hem-8,22276.5,0.229032,0.503665
UID_H12_29_3_hem-11,22196.7,0.264932,0.668565
UID_H12_29_4_hem-13,32219.2,0.698528,-0.810153
UID_H12_3_1_hem-4,18152,-0.117542,0.77354
UID_H12_3_2_hem-8,24126.8,0.271145,0.0214806
UID_H12_3_3_hem-17,30264.2,0.621387,-0.588369
UID_H12_3_4_hem-10,24787.1,0.31525,0.0427449
UID_H12_3_5_hem-6,19484.8,0.0381889,0.778943
UID_H12_3_6_hem-11,4722.73,-3.40816,-0.669804
UID_H12_30_1_hem-11,42674.9,0.578372,-2.69759
UID_H12_30_2_hem-6,31301.6,0.711982,-0.584151
UID_H12_30_3_hem-9,21494.1,0.202332,0.6621
UID_H12_30_4_hem-6,19753.7,0.115509,0.95614
UID_H12_30_5_hem-23,32761.2,-0.933426,-1.20089
UID_H12_30_6_hem-6,17900.8,-0.0498934,1.05321
UID_H12_30_7_hem-7,29207.2,0.0796504,-1.03517
UID_H12_31_1_hem-5,28548.8,-0.0149484,-1.38118
UID_H12_31_2_hem-18,46527,0.866066,-3.14972
UID_H12_31_3_hem-10,21441.1,0.141667,0.439977
UID_H12_31_4_hem-14,25951.2,0.380927,-0.0686553
UID_H12_31_5_hem-16,25847.3,0.410791,-0.00262858
UID_H12_31_6_hem-17,28916.5,0.615093,-0.177122
UID_H12_31_7_hem-12,25426.6,0.388555,0.0561245
UID_H12_32_1_hem-4,18384.8,-0.0433736,0.91378
UID_H12_32_2_hem-5,20549,0.0568362,0.453375
UID_H12_32_3_hem-14,25232.4,-0.883322,-0.359613
UID_H12_32_4_hem-13,45401.2,1.35493,-1.82963
UID_H12_32_5_hem-3,25143.9,0.342296,0.0965488
UID_H12_32_6_hem-7,35047.2,0.9154,-0.810384
UID_H12_32_7_hem-4,23078.5,0.226031,0.363722
UID_H12_33_1_hem-14,26715.1,0.416996,-0.174489
UID_H12_33_10_hem-16,23045.8,0.235558,0.257601
UID_H12_33_11_hem-15,24445,0.414966,0.431081
UID_H12_33_12_hem-8,23715.2,0.251849,0.108519
UID_H12_33_13_hem-12,27693.6,0.528471,-0.150651
UID_H12_33_2_hem-14,26723.3,0.462676,-0.0984479
UID_H12_33_3_hem-3,19388.1,0.0704845,0.94896
UID_H12_33_4_hem-2,18979.9,-0.0522945,0.673995
UID_H12_33_5_hem-11,29632.6,0.655974,-0.243626
UID_H12_33_6_hem-7,25837.9,0.401443,-0.0113337
UID_H12_33_7_hem-2,2325.78,-2.63353,0.642898
UID_H12_33_8_hem-15,24606.1,0.389055,0.335496
UID_H12_33_9_hem-12,22067.9,0.217925,0.557069
UID_H12_34_1_hem-5,19640.9,0.108756,0.969532
UID_H12_34_2_hem-12,27806.5,0.574822,-0.0197015
UID_H12_34_3_hem-23,11975.9,-1.81188,1.29267
UID_H12_34_4_hem-5,16622,-0.135842,1.26898
UID_H12_34_5_hem-8,28905.5,0.112441,-0.971478
UID_H12_35_1_hem-8,21360.9,0.204648,0.730432
UID_H12_35_2_hem-8,24894.4,0.372739,0.176858
UID_H12_35_3_hem-8,20669,0.163234,0.810111
UID_H12_35_4_hem-12,24001.2,0.350528,0.390858
UID_H12_35_5_hem-10,21320.2,0.188416,0.705517
UID_H12_4_1_hem-15,25040.7,0.334035,0.0194296
UID_H12_4_2_hem-5,22928.1,0.236076,0.339925
UID_H12_4_3_hem-10,34558.1,0.788269,-1.07715
UID_H12_4_4_hem-21,44351.9,1.26235,-1.91588
UID_H12_4_5_hem-12,24043.9,0.231123,0.0703664
UID_H12_5_1_hem-13,28126.3,-1.05029,-1.19933
UID_H12_5_2_hem-16,32658.9,0.657705,-1.00874
UID_H12_5_3_hem-26,39897.5,1.18119,-1.2003
UID_H12_5_4_hem-9,736.535,-2.05398,4.57326
UID_H12_5_5_hem-9,26028.7,-0.0932888,-0.750453
UID_H12_6_1_hem-2,25052,0.142114,-0.462206
UID_H12_6_2_hem-21,41764.7,1.1871,-1.57318
UID_H12_6_3_hem-12,26292.6,0.497861,0.138226
UID_H12_6_4_hem-5,22052.5,0.196256,0.440145
UID_H12_7_1_hem-12,21740.9,0.106959,0.362643
UID_H12_7_2_hem-7,26661.5,0.479679,0.0275727
UID_H12_7_3_hem-9,21285.9,0.184037,0.704282
UID_H12_7_4_hem-8,20598.4,0.113124,0.707986
UID_H12_7_5_hem-10,21668.3,0.223234,0.673855
UID_H12_7_6_hem-10,24802.1,0.298385,-0.0831256
UID_H12_8_1_hem-9,18987.8,0.0419839,0.97047
UID_H12_8_2_hem-23,38436.6,1.05208,-1.11287
UID_H12_8_3_hem-4,40917.7,1.15907,-1.43367
UID_H12_8_4_hem-14,28361,0.575205,-0.125275
UID_H12_9_1_hem-20,40794.2,1.16399,-1.37253
UID_H15_1_1_hem-9,25560.9,0.248646,-0.370911
UID_H15_1_2_hem-2,18565,0.0029021,0.997309
UID_H15_1_3_hem-14,29383,0.592398,-0.286958
UID_H15_1_4_hem-9,26363.6,0.485656,0.114567
UID_H15_1_5_hem-22,39056.3,1.1381,-1.07933
UID_H15_10_1_hem-13,36941.4,1.06939,-0.830421
UID_H15_10_2_hem-5,25074.4,0.411506,0.254044
UID_H15_10_3_hem-12,39372.3,1.15806,-1.10015
UID_H15_10_4_hem-3,18455,0.0156714,1.08648
UID_H15_10_5_hem-8,20684.3,0.0445475,0.445502
UID_H15_11_1_hem-4,20896.9,0.180198,0.796128
UID_H15_11_2_hem-4,20017.6,0.108556,0.840454
UID_H15_11_3_hem-21,29559.3,0.594881,-0.392159
UID_H15_11_4_hem-5,23623.9,0.31465,0.40204
UID_H15_12_1_hem-4,39915.7,1.00113,-1.88065
UID_H15_12_2_hem-15,28574.7,0.33065,-0.970405
UID_H15_13_1_hem-19,40485.6,1.23657,-1.1474
UID_H15_13_2_hem-13,26280.1,0.500376,0.154901
UID_H15_13_3_hem-9,24173.9,0.263652,0.0732908
UID_H15_14_1_hem-5,28134.2,0.511113,-0.392955
UID_H15_14_2_hem-6,22342.8,0.18456,0.303551
UID_H15_14_3_hem-7,19296,0.0409003,0.862745
UID_H15_14_4_hem-9,21725.3,0.196617,0.582896
UID_H15_14_5_hem-6,21360.6,0.139037,0.498116
UID_H15_14_6_hem-3,20703.7,0.111163,0.587663
UID_H15_14_7_hem-2,1875.73,-2.66731,-0.595859
UID_H15_14_8_hem-3,19876,0.0774887,0.801192
UID_H15_15_1_hem-2,19115,-0.0324335,0.804179
UID_H15_15_2_hem-10,27902.3,0.498294,-0.367444
UID_H15_15_3_hem-8,22017.7,0.251006,0.675106
UID_H15_15_4_hem-5,22420.9,0.192198,0.302437
UID_H15_15_5_hem-19,29802,0.67695,-0.230536
UID_H15_15_6_hem-3,17692.5,-0.0289114,1.18955
UID_H15_15_7_hem-8,21200.4,0.215501,0.805003
UID_H15_15_8_hem-3,20922.6,0.120485,0.547163
UID_H15_15_9_hem-3,19987.3,0.0813904,0.781382
UID_H15_16_1_hem-11,24567.8,0.38385,0.280069
UID_H15_16_2_hem-22,30269.8,0.666873,-0.314789
UID_H15_16_3_hem-4,19130,0.0607394,1.00999
UID_H15_16_4_hem-7,21156.4,0.19574,0.753575
UID_H15_16_5_hem-7,21635.5,0.206702,0.656945
UID_H15_16_6_hem-19,20781.6,0.115372,0.609941
UID_H15_16_7_hem-4,19745.8,0.0554493,0.793502
UID_H15_16_8_hem-5,19376,0.0852411,0.986608
UID_H15_16_9_hem-8,19350.9,0.0756345,0.966752
UID_H15_17_1_hem-3,22226.2,0.250071,0.620043
UID_H15_17_2_hem-4,20845.7,0.155585,0.733074
UID_H15_17_3_hem-21,23889.7,0.352892,0.424376
UID_H15_17_4_hem-12,31451.2,0.700334,-0.597634
UID_H15_17_5_hem-13,23889.3,0.369587,0.467731
UID_H15_18_1_hem-11,36950.8,1.06532,-0.837751
UID_H15_18_2_hem-3,16979.1,-0.122545,1.16496
UID_H15_18_3_hem-9,25087.3,0.408632,0.246649
UID_H15_18_4_hem-10,23050.7,0.15391,0.0126856
UID_H15_18_5_hem-3,5024.83,-2.79288,-0.539002
UID_H15_18_6_hem-4,18421.4,0.0162234,1.09845
UID_H15_19_1_hem-2,5005.21,-3.04628,-0.80313
UID_H15_19_10_hem-6,4408.04,-3.19904,-0.865694
UID_H15_19_2_hem-5,24914.7,0.396083,0.269492
UID_H15_19_3_hem-3,17482.5,-0.0375689,1.24802
UID_H15_19_4_hem-17,40403.5,1.2385,-1.12539
UID_H15_19_5_hem-6,19264,0.0636827,0.96525
UID_H15_19_6_hem-2,19515.9,0.0379499,0.79684
UID_H15_19_7_hem-5,2743.99,-3.1864,-0.795325
UID_H15_19_8_hem-11,21989.4,0.227363,0.6025
UID_H15_19_9_hem-12,29021.7,0.219556,-0.767122
UID_H15_2_1_hem-5,23847.5,0.352918,0.446036
UID_H15_2_2_hem-20,33535.9,0.63901,-1.51066
UID_H15_2_3_hem-8,33651.4,0.200946,-1.35684
UID_H15_2_4_hem-9,34056.5,0.781221,-1.10659
UID_H15_2_5_hem-11,35776.6,0.968841,-0.89183
UID_H15_20_1_hem-2,22789,0.292611,0.567904
UID_H15_20_2_hem-3,20097.4,0.10227,0.785951
UID_H15_20_3_hem-2,18382.8,0.0112078,1.09312
UID_H15_20_4_hem-2,17517.5,-0.0969377,1.0705
UID_H15_20_5_hem-10,21833.9,0.243598,0.664078
UID_H15_20_6_hem-2,17364.8,-0.178904,0.855235
UID_H15_20_7_hem-7,37533.3,1.02673,-1.10251
UID_H15_21_1_hem-2,19126,0.0288279,0.892715
UID_H15_21_2_hem-4,21424.1,0.228511,0.774122
UID_H15_21_3_hem-2,17497.9,-0.0424907,1.21845
UID_H15_21_4_hem-4,23141.6,0.307006,0.489059
UID_H15_21_5_hem-8,23733.7,0.325076,0.393252
UID_H15_21_6_hem-3,19759.6,-0.0287314,0.577331
UID_H15_21_7_hem-2,19760.6,0.0995877,0.877295
UID_H15_22_1_hem-31,48128.6,1.53402,-1.84298
UID_H15_22_2_hem-14,35239.9,0.924843,-0.819685
UID_H15_22_3_hem-4,17892.3,-0.171268,0.687368
UID_H15_22_4_hem-13,23177.4,0.284984,0.383283
UID_H15_22_5_hem-6,17808.5,-0.0853989,0.966153
UID_H15_22_6_hem-2,17711.3,-0.118102,0.978303
UID_H15_23_1_hem-8,22289.2,0.233055,0.523285
UID_H15_23_10_hem-2,17527.2,-0.0520961,1.2211
UID_H15_23_11_hem-5,19672.5,-0.0362086,0.497946
UID_H15_23_12_hem-2,19070.7,-0.0826287,0.545153
UID_H15_23_2_hem-5,20073.7,0.0690511,0.667864
UID_H15_23_3_hem-13,23224.1,0.295537,0.437008
UID_H15_23_4_hem-3,19032.1,0.0246401,0.93371
UID_H15_23_5_hem-5,19268.9,0.0355906,0.84516
UID_H15_23_6_hem-12,24118.8,0.397063,0.471635
UID_H15_23_7_hem-18,23508,0.333103,0.459907
UID_H15_23_8_hem-7,18766.8,0.0431274,1.05034
UID_H15_23_9_hem-3,19653.1,0.00708264,0.633051
UID_H15_24_1_hem-7,22296.2,0.251589,0.593727
UID_H15_24_10_hem-8,19796.5,0.0647293,0.735183
UID_H15_24_11_hem-14,20307.8,0.126402,0.782669
UID_H15_24_12_hem-6,18665.1,0.0275418,1.04798
UID_H15_24_13_hem-3,19554.4,-0.0674364,0.43845
UID_H15_24_14_hem-5,18958.4,-0.143507,0.380401
UID_H15_24_15_hem-4,19383.3,0.0161811,0.731417
UID_H15_24_16_hem-3,16637.1,-0.17022,1.10082
UID_H15_24_2_hem-8,24145.3,0.376386,0.405889
UID_H15_24_3_hem-2,16447,-0.134078,1.32133
UID_H15_24_4_hem-4,21875.5,0.137598,0.339359
UID_H15_24_5_hem-4,18834.7,0.0479194,1.04301
UID_H15_24_6_hem-2,16510.5,-0.199942,1.10769
UID_H15_24_7_hem-2,19668.1,0.00856512,0.639016
UID_H15_24_8_hem-5,18853.3,-0.0873867,0.605219
UID_H15_24_9_hem-3,23617.9,0.356084,0.513944
UID_H15_25_1_hem-3,25203.1,0.244375,-0.234164
UID_H15_25_10_hem-3,22811.6,0.288142,0.510819
UID_H15_25_11_hem-3,24687.2,0.421282,0.356472
UID_H15_25_12_hem-14,22584,0.194444,0.411618
UID_H15_25_13_hem-2,21598.7,0.202989,0.639685
UID_H15_25_14_hem-6,19664.5,0.111412,0.986477
UID_H15_25_15_hem-2,18846.6,0.0230995,0.950414
UID_H15_25_2_hem-2,22454.7,0.232548,0.493918
UID_H15_25_3_hem-9,22743.4,0.293161,0.57003
UID_H15_25_4_hem-14,23925.9,0.326838,0.323597
UID_H15_25_5_hem-5,22185.9,0.184373,0.370641
UID_H15_25_6_hem-16,31953.2,0.822637,-0.378154
UID_H15_25_7_hem-6,19300.9,0.0439065,0.859966
UID_H15_25_8_hem-5,21594.6,-0.0826359,0.206135
UID_H15_25_9_hem-3,3486.29,-3.36061,-0.47465
UID_H15_3_1_hem-14,24834.3,0.276698,-0.185653
UID_H15_3_2_hem-10,30677.8,0.638851,-0.534824
UID_H15_3_3_hem-17,20296.5,0.144863,0.871623
UID_H15_4_1_hem-25,47466.3,1.16274,-3.05914
UID_H15_4_2_hem-16,33783.6,0.846147,-0.721667
UID_H15_4_3_hem-12,20784.3,0.158507,0.762842
UID_H15_5_1_hem-13,24569.4,0.375622,0.266803
UID_H15_5_2_hem-15,27001.6,0.522303,0.026912
UID_H15_5_3_hem-6,21768,0.137458,0.446285
UID_H15_5_4_hem-14,21867.8,0.247388,0.690605
UID_H15_5_5_hem-8,23222.6,0.329937,0.514171
UID_H15_5_6_hem-16,9537.48,-2.88299,-0.0403946
UID_H15_5_7_hem-11,21760.7,0.235352,0.714116
UID_H15_6_1_hem-6,23220,0.249202,0.305629
UID_H15_6_2_hem-6,24065.8,0.231272,-0.00809002
UID_H15_6_3_hem-6,24355.9,0.342775,0.247079
UID_H15_7_1_hem-15,28683.3,0.59457,-0.168918
UID_H15_7_2_hem-15,44494.9,1.16827,-1.92868
UID_H15_8_1_hem-10,19364.9,0.0476272,0.876068
UID_H15_8_2_hem-7,24165,0.1416,-0.0263884
UID_H15_8_4_hem-8,20544.4,0.0784522,0.616202
UID_H15_8_5_hem-6,18721.1,-0.00772679,0.926145
UID_H15_9_1_hem-7,24000.6,0.391732,0.482459
UID_H15_9_2_hem-4,21035.8,0.165991,0.705872
UID_H15_9_3_hem-2,17373.8,-0.0735692,1.18342
UID_H15_9_4_hem-6,20691.8,0.163596,0.811884
UID_H16_1_1_hem-12,37262.9,0.83548,-1.6476
UID_H16_1_2_hem-4,17782.4,-0.0895486,0.934619
UID_H16_1_3_hem-2,16899.2,-0.0925095,1.27241
UID_H16_10_1_hem-22,32293.2,0.600992,-1.17792
UID_H16_11_1_hem-2,16330.1,-0.12594,1.37709
UID_H16_11_2_hem-2,19586.6,0.0726264,0.852402
UID_H16_12_1_hem-2,15999.8,-0.451206,0.673314
UID_H16_12_2_hem-3,27817.8,0.566294,0.0139438
UID_H16_12_3_hem-8,28011.5,0.546467,-0.201207
UID_H16_12_4_hem-14,24393.5,0.312402,0.191297
UID_H16_12_5_hem-13,38466.4,0.875088,-1.46961
UID_H16_12_6_hem-5,16298.6,-0.192052,1.15172
UID_H16_13_1_hem-19,25857.4,0.374244,-0.0912759
UID_H16_14_1_hem-8,17481,-0.0348786,1.23634
UID_H16_17_1_hem-4,18341.3,-0.0598158,0.951111
UID_H16_17_2_hem-11,29520.8,0.542726,-0.629151
UID_H16_17_3_hem-4,19160.9,-0.0482833,0.781652
UID_H16_18_1_hem-13,26486.8,0.446856,-0.0371875
UID_H16_18_2_hem-2,17453.4,-0.110749,1.07394
UID_H16_18_3_hem-3,29903.6,0.639928,-0.406155
UID_H16_19_1_hem-8,17414.6,-0.214085,0.623435
UID_H16_19_2_hem-2,17064.4,-0.134425,1.11391
UID_H16_19_3_hem-2,23934.9,0.289169,0.216881
UID_H16_2_1_hem-2,26417,0.340026,-0.501628
UID_H16_2_2_hem-2,15645.1,-0.200441,1.3798
UID_H16_20_1_hem-5,19086,0.067195,1.0307
UID_H16_20_2_hem-21,39401.3,0.929544,-1.67884
UID_H16_20_3_hem-4,22450.3,0.247357,0.555144
UID_H16_21_1_hem-10,16165,-2.75811,0.228059
UID_H16_21_2_hem-3,27004.3,0.374224,-0.35825
UID_H16_21_3_hem-2,30139.9,0.579577,-0.49859
UID_H16_21_4_hem-14,44134.5,1.18698,-2.04133
UID_H16_22_1_hem-11,26656.8,0.415357,-0.182105
UID_H16_23_1_hem-8,17610.1,-0.117584,0.992476
UID_H16_23_2_hem-8,19188,0.0322497,0.92569
UID_H16_24_1_hem-10,17844.5,-0.0625045,1.02033
UID_H16_25_1_hem-10,19780.5,0.00516573,0.533694
UID_H16_25_2_hem-20,37436,0.934144,-1.42308
UID_H16_25_3_hem-11,23824.8,0.143926,-0.387649
UID_H16_26_1_hem-10,21957.8,0.109862,0.227569
UID_H16_26_2_hem-13,24355.6,0.291032,0.112169
UID_H16_28_1_hem-8,18316.3,-0.00211985,1.04087
UID_H16_29_1_hem-17,22957.6,0.179808,0.167222
UID_H16_29_2_hem-26,32051.2,0.72692,-0.709317
UID_H16_29_3_hem-6,19042.2,0.0130151,0.936539
UID_H16_3_1_hem,10624.6,-2.78716,-3.51228
UID_H16_30_1_hem-10,22968.9,0.190529,0.180639
UID_H16_30_2_hem-21,32346.6,0.739963,-0.742879
UID_H16_30_3_hem-6,19309.5,0.0332307,0.901389
UID_H16_31_1_hem-3,16871.6,-0.145916,1.12007
UID_H16_31_2_hem-6,18182,-0.0235615,1.06513
UID_H16_31_3_hem-10,22993.5,0.179558,0.152732
UID_H16_31_4_hem-38,43180.4,1.28091,-1.55625
UID_H16_32_1_hem-3,16550.2,-0.12344,1.33235
UID_H16_32_2_hem-9,19678.9,0.0726613,0.85991
UID_H16_4_1_hem-2,15857,-0.168197,1.43283
UID_H16_4_2_hem-2,34496.8,0.927095,-0.629857
UID_H16_4_3_hem-4,28644.6,0.468278,-0.573286
UID_H16_5_1_hem-2,20603.5,0.157263,0.82225
UID_H16_5_2_hem-2,16692.5,-0.0981535,1.3392
UID_H16_5_3_hem-7,19279.1,0.0754754,1.01029
UID_H16_5_4_hem-2,19674.9,0.0823989,0.852947
UID_H16_6_1_hem-11,19668.5,0.0207721,0.680976
UID_H16_7_1_hem-2,19142.7,0.00308366,0.774838
UID_H16_8_1_hem-8,21459.1,0.204601,0.696932
UID_H16_8_2_hem-5,20228.4,0.120373,0.855136
UID_H16_9_1_hem-4,20483,0.140856,0.813423
UID_H16_9_2_hem-3,22064.8,0.192939,0.447938
UID_H16_9_3_hem-5,19430.7,0.0841831,0.987431
UID_H17_1_1_hem-10,44775.4,0.356606,-5.85042
UID_H17_1_2_hem-6,28161.7,0.559439,-0.1562
UID_H17_1_3_hem-8,24643.1,0.208388,-0.146113
UID_H17_1_4_hem-6,22416,0.100656,0.065666
UID_H17_10_1_hem-2,18980.5,-0.0431345,0.697347
UID_H17_11_1_hem,1822.49,-2.52827,0.894219
UID_H17_11_2_hem-12,38028.2,1.03807,-1.17267
UID_H17_11_3_hem-13,39145.5,1.08367,-1.20804
UID_H17_11_4_hem-9,29432.7,0.625582,-0.321404
UID_H17_12_1_hem-3,18957.4,-0.00460098,0.835777
UID_H17_12_2_hem-3,21934.6,0.204682,0.537543
UID_H17_12_3_hem-4,17654.8,-0.124162,0.885549
UID_H17_12_4_hem-9,19485.2,0.034341,0.79219
UID_H17_12_5_hem-4,16768,-0.14985,1.0841
UID_H17_13_1_hem-9,26405.9,0.483876,0.0748708
UID_H17_13_2_hem-10,27238.6,0.566442,0.0839407
UID_H17_14_1_hem-9,28638.4,-1.39769,-1.83861
UID_H17_14_2_hem-13,18930.5,0.00795257,0.904903
UID_H17_14_3_hem-6,20359.4,0.0741437,0.62377
UID_H17_14_4_hem-9,22900.8,0.183064,0.157221
UID_H17_14_5_hem-7,19039.5,0.00594067,0.854003
UID_H17_14_6_hem-8,20521.5,0.0825292,0.630032
UID_H17_14_7_hem-6,21901.3,0.207883,0.577429
UID_H17_15_1_hem-5,19756.3,0.0560834,0.871959
UID_H17_15_2_hem-9,20154.2,0.0848503,0.735607
UID_H17_15_3_hem-3,18456.6,-0.00938545,0.986391
UID_H17_15_4_hem-6,25336.4,0.212751,-0.459366
UID_H17_15_5_hem-7,19426.3,0.0811517,0.947369
UID_H17_16_1_hem-5,7474.91,-3.01503,-3.2966
UID_H17_16_2_hem-13,22791.6,0.23263,0.364822
UID_H17_17_1_hem-4,23279.2,0.205187,0.132226
UID_H17_17_2_hem-2,17069.1,-0.163647,1.01114
UID_H17_17_3_hem-2,17430.6,-0.111227,1.00034
UID_H17_17_4_hem-9,21273.6,0.0862452,0.329676
UID_H17_17_5_hem-8,22148.4,0.224633,0.546546
UID_H17_18_1_hem-4,25967.8,0.471834,0.170716
UID_H17_18_2_hem-3,25787.4,0.390857,-0.0471357
UID_H17_18_3_hem-5,26256.6,0.413207,0.0162467
UID_H17_18_4_hem-2,19053.9,-3.48621,-0.986695
UID_H17_18_5_hem-3,17846.5,-0.105426,0.915113
UID_H17_18_6_hem-8,27290.4,0.520572,-0.036084
UID_H17_19_1_hem-8,34939.3,0.852799,-1.06881
UID_H17_19_2_hem-12,27303.9,0.542397,-0.00571261
UID_H17_19_3_hem-13,28607.5,0.589378,-0.167744
UID_H17_19_4_hem-5,6717.73,-3.02109,-0.670459
UID_H17_19_5_hem-10,25321.4,0.403052,0.206255
UID_H17_2_1_hem-2,25673.2,0.470888,0.262604
UID_H17_2_2_hem-2,29211.8,0.591194,-0.390446
UID_H17_20_1_hem-3,25038,0.375539,0.182862
UID_H17_20_2_hem-8,20359.5,0.10336,0.717381
UID_H17_20_3_hem-12,26349.1,0.498702,0.166282
UID_H17_20_4_hem-11,21099.7,0.0293901,0.272801
UID_H17_20_5_hem-4,19184.4,-0.0173019,0.686267
UID_H17_20_6_hem-7,22584.8,0.196414,0.267579
UID_H17_20_7_hem-17,26797,0.361417,-0.209903
UID_H17_20_8_hem-12,26145,0.436737,0.0294504
UID_H17_21_1_hem-10,24966.9,0.388774,0.203611
UID_H17_21_2_hem-11,21099.5,0.0299265,0.27489
UID_H17_21_3_hem-8,22125.5,0.166759,0.31693
UID_H17_22_1_hem-16,33521,0.760108,-0.883341
UID_H17_22_2_hem-8,27130.5,0.389876,-0.48105
UID_H17_22_3_hem-4,20182.8,0.0967428,0.753097
UID_H17_22_4_hem-10,20688,0.0950268,0.569255
UID_H17_22_5_hem-12,32842.5,0.786444,-0.630582
UID_H17_22_6_hem-15,24396.7,0.407282,0.435714
UID_H17_23_1_hem-15,25625.4,0.437727,0.181953
UID_H17_23_2_hem-9,20062.2,0.00724249,0.401117
UID_H17_23_3_hem-5,29076.3,0.573079,-0.296208
UID_H17_24_1_hem-16,23340.1,0.313239,0.420444
UID_H17_24_2_hem-12,42079.9,-0.172879,-3.67918
UID_H17_25_1_hem-18,8813.83,-2.42131,-1.04936
UID_H17_25_2_hem-3,20978.9,0.140955,0.631698
UID_H17_25_3_hem-4,23245.3,0.245643,0.233237
UID_H17_26_1_hem-2,19629.4,0.0592338,0.822135
UID_H17_26_2_hem-17,30529.7,0.618573,-0.645441
UID_H17_27_1_hem-18,38238.1,0.932969,-1.66281
UID_H17_27_2_hem-12,25739.7,0.449706,0.186242
UID_H17_27_3_hem-9,25816.5,0.346521,-0.0291549
UID_H17_28_1_hem-22,38346.8,1.03811,-1.24669
UID_H17_29_1_hem-3,18165.1,-0.0809381,0.896978
UID_H17_29_2_hem-9,24310.1,0.364099,0.33401
UID_H17_29_3_hem-11,27451.8,0.536005,-0.0632682
UID_H17_29_4_hem-9,22597.4,0.256561,0.514202
UID_H17_29_5_hem-4,29749.4,0.607323,-0.531029
UID_H17_3_1_hem-8,25198.6,0.411208,0.192117
UID_H17_3_2_hem-9,22640.1,0.265892,0.50944
UID_H17_31_1_hem-16,29818.3,0.602582,-0.466128
UID_H17_31_2_hem-10,27942.4,0.519781,-0.207013
UID_H17_31_3_hem-10,24454.1,0.376604,0.356189
UID_H17_31_4_hem-17,25305.6,0.426015,0.23926
UID_H17_32_1_hem-23,37854.1,0.998564,-1.30363
UID_H17_33_1_hem-19,42051.7,0.966353,-2.44245
UID_H17_34_1_hem-4,8613.58,-2.44415,0.749119
UID_H17_35_1_hem-4,23608.8,0.298735,0.312126
UID_H17_35_2_hem-8,25458.8,0.265051,-0.20902
UID_H17_35_3_hem-5,20343.6,0.0824569,0.638612
UID_H17_36_1_hem-8,30127.5,0.651706,-0.431931
UID_H17_36_2_hem-6,25819.9,0.454929,0.176682
UID_H17_36_3_hem-5,22923.9,0.246448,0.31737
UID_H17_37_1_hem-7,25431.4,0.431158,0.198658
UID_H17_37_2_hem-10,27038.2,0.555769,0.137127
UID_H17_37_3_hem-8,27865.7,0.559074,-0.0646258
UID_H17_37_4_hem-11,29748.2,0.571512,-0.55769
UID_H17_37_5_hem-8,26900.2,0.478973,-0.0484246
UID_H17_37_6_hem-7,26894.9,0.486543,0.0295401
UID_H17_37_7_hem-7,23865.8,-2.46694,-0.46542
UID_H17_37_8_hem-7,3695.81,-2.79833,-1.33677
UID_H17_38_1_hem-7,28236.5,0.578223,-0.100007
UID_H17_38_2_hem-6,22128.3,0.24531,0.625896
UID_H17_4_1_hem-22,48804.4,1.36196,-2.60034
UID_H17_4_2_hem-16,33781.1,0.651837,-1.26428
UID_H17_5_1_hem-15,35399.1,0.885692,-0.946191
UID_H17_6_1_hem-15,35245.2,0.870743,-0.943565
UID_H17_7_1_hem-8,44951.7,1.39938,-1.5482
UID_H17_8_1_hem-7,21673.3,0.175,0.541727
UID_H17_8_2_hem-13,23454.7,0.296058,0.370535
UID_H17_9_1_hem-5,21769.2,0.167573,0.442926
UID_H17_9_2_hem-8,23687.6,0.312292,0.354314
UID_H17_9_3_hem-5,19377,0.0485909,0.852078
UID_H19_1_1_hem-2,20636,0.159196,0.810849
UID_H19_1_2_hem-2,18648.2,-0.141768,0.564952
UID_H19_1_3_hem,1768.05,-3.25387,-0.204628
UID_H19_1_4_hem-4,21299.2,0.144744,0.540742
UID_H19_1_5_hem-2,17807.7,-0.0552169,1.07989
UID_H19_1_6_hem-7,23502,0.286522,0.298057
UID_H19_1_7_hem-4,19428.6,-0.0694619,0.391205
UID_H19_1_8_hem-8,23826.9,0.323337,0.358979
UID_H19_1_9_hem-24,27928.6,0.5185,-0.218405
UID_H19_10_1_hem-6,25857.2,0.350285,-0.215537
UID_H19_10_2_hem-2,21231.9,0.171895,0.679117
UID_H19_11_1_hem-2,20690.4,0.16427,0.766153
UID_H19_11_2_hem-2,19014.7,0.0135183,0.848687
UID_H19_12_1_hem-2,19551.7,0.0413862,0.775066
UID_H19_12_2_hem-12,39895,1.09305,-1.4566
UID_H19_12_3_hem-8,30196.6,0.680088,-0.309016
UID_H19_12_4_hem-3,18509,-0.104069,0.716782
UID_H19_12_5_hem-4,23600.3,0.279844,0.256257
UID_H19_13_1_hem-4,24636.9,0.420106,0.380857
UID_H19_14_1_hem-2,29107.5,0.436049,-0.854571
UID_H19_14_2_hem-3,20668.1,0.0982065,0.603729
UID_H19_14_3_hem-6,21831.2,0.249384,0.721566
UID_H19_15_1_hem-2,19762.1,-0.00238697,0.541893
UID_H19_16_1_hem-3,21324.9,0.052966,0.255693
UID_H19_16_2_hem-4,19089.3,0.00424519,0.84088
UID_H19_17_1_hem-3,21774.2,0.159388,0.493032
UID_H19_17_2_hem-10,26819.1,0.446675,-0.0748707
UID_H19_18_1_hem-3,20916.5,0.176155,0.807392
UID_H19_18_2_hem-3,20736.5,0.0212622,0.324089
UID_H19_18_3_hem-4,18613,0.010453,0.9839
UID_H19_18_4_hem-8,32057.7,0.807536,-0.431496
UID_H19_18_5_hem-2,19279,0.0428991,0.85451
UID_H19_19_1_hem-2,19870.6,-0.166165,0.226666
UID_H19_19_2_hem-2,16609.7,-0.132372,1.23644
UID_H19_19_3_hem-7,39333,1.18115,-1.03882
UID_H19_2_1_hem-2,21595.2,0.176543,0.502752
UID_H19_2_2_hem-5,22712.4,0.29024,0.555667
UID_H19_2_3_hem-7,42517.9,1.09306,-2.11853
UID_H19_20_1_hem-2,27785.9,0.512272,-0.217453
UID_H19_20_2_hem-10,29442.7,0.604545,-0.326028
UID_H19_20_3_hem-2,14327.2,-0.316093,1.56399
UID_H19_21_1_hem-34,47959.2,1.48845,-1.91626
UID_H19_21_2_hem-5,43258.3,1.22121,-1.74726
UID_H19_22_1_hem-2,17870.4,-0.165957,0.702884
UID_H19_22_2_hem-6,22992.3,0.260316,0.374621
UID_H19_22_3_hem-2,19204.7,0.0391234,0.962182
UID_H19_23_1_hem-5,21340.1,0.213472,0.740305
UID_H19_24_1_hem-7,26879.4,0.401586,-0.257534
UID_H19_25_1_hem-3,23328.1,0.288498,0.356467
UID_H19_25_2_hem-2,16554.1,-0.140784,1.23829
UID_H19_26_1_hem-2,17382.4,-0.0676431,1.1915
UID_H19_27_1_hem-2,3335.34,-2.86869,-1.54284
UID_H19_27_2_hem-4,26628,-0.149601,-0.809716
UID_H19_28_1_hem-12,30689,0.645387,-0.530266
UID_H19_28_2_hem-3,23619.7,0.116849,0.0565898
UID_H19_28_3_hem-13,31681.1,0.683006,-0.629234
UID_H19_3_1_hem-2,18406.7,0.00313384,1.02284
UID_H19_3_2_hem-3,21147,0.138905,0.615744
UID_H19_3_3_hem-8,37576.7,1.0337,-1.10515
UID_H19_30_1_hem-2,17944.5,-0.05555,1.03271
UID_H19_30_2_hem-2,16240.8,-0.175699,1.22816
UID_H19_30_3_hem-5,16472.4,-0.198621,1.10086
UID_H19_31_1_hem-2,23775.4,0.240916,0.0923793
UID_H19_31_2_hem-2,14802.5,-0.270542,1.51353
UID_H19_31_3_hem-2,19672.9,0.0702878,0.863401
UID_H19_31_4_hem-2,17850.4,-0.182309,0.612525
UID_H19_31_5_hem-4,45091,-0.441353,-4.4004
UID_H19_32_1_hem-5,26557.7,0.338854,-0.399049
UID_H19_32_2_hem-2,1916.1,-2.49955,1.05654
UID_H19_33_1_hem-3,19328.7,-0.00300423,0.742061
UID_H19_33_2_hem-2,15415.5,-0.225399,1.3991
UID_H19_33_3_hem-7,18763.3,-0.0285661,0.877471
UID_H19_33_4_hem-3,29288.4,0.20132,-1.68029
UID_H19_34_1_hem-2,16361.7,-0.15103,1.27646
UID_H19_34_2_hem-3,16909.3,-0.101846,1.26541
UID_H19_34_3_hem-2,15500.5,-0.220438,1.35347
UID_H19_35_1_hem-2,18181.1,-0.113177,0.669228
UID_H19_35_2_hem-3,17771.9,-0.099902,1.02153
UID_H19_35_3_hem-2,16436.5,-0.168163,1.18583
UID_H19_35_4_hem-22,39601.9,0.939925,-2.12038
UID_H19_35_5_hem-6,33093.8,0.802273,-0.701386
UID_H19_35_6_hem-2,22957.3,0.191368,0.174597
UID_H19_36_1_hem-2,17660.5,-0.134167,0.890929
UID_H19_36_2_hem-2,16479.2,-0.164579,1.16367
UID_H19_36_3_hem-2,19043,-0.0584667,0.652469
UID_H19_36_4_hem-5,19697.5,0.0914841,0.927423
UID_H19_36_5_hem-4,19275.3,-0.0288541,0.631937
UID_H19_37_1_hem-8,36414.9,0.975108,-1.0466
UID_H19_37_2_hem-2,17300.4,-0.163097,0.94995
UID_H19_37_3_hem-5,19264.5,0.0564525,0.956197
UID_H19_37_4_hem-3,17923,-0.0364117,1.09999
UID_H19_4_1_hem-2,2206.79,-3.42606,-1.35541
UID_H19_4_2_hem-2,21615.6,0.203869,0.620973
UID_H19_4_3_hem-2,23930.5,0.313592,0.242793
UID_H19_5_1_hem-2,21220.5,0.0708581,0.375233
UID_H19_5_2_hem-3,20454.3,0.0510161,0.494437
UID_H19_5_3_hem-2,18934.7,-0.070471,0.555804
UID_H19_5_4_hem-3,18245.6,-0.0422613,0.92168
UID_H19_6_1_hem-16,27298.7,0.557072,0.0565473
UID_H19_6_2_hem-15,22492.6,0.274405,0.585085
UID_H19_7_1_hem-4,24620.7,0.405396,0.339456
UID_H19_7_2_hem-2,18612.7,0.0132308,1.03171
UID_H19_7_3_hem-3,19935.6,0.125258,0.915433
UID_H19_7_4_hem-2,19812.3,0.0990953,0.88234
UID_H19_8_1_hem-3,18500.4,-0.0446553,0.914563
UID_H19_8_2_hem-2,18778,-0.0201597,0.880068
UID_H19_8_3_hem-22,40653.9,1.20731,-1.23862
UID_H19_9_1_hem-6,24334.3,0.326802,0.23449
UID_H24_1_1_hem-9,11670.2,-2.38656,-0.165111
UID_H24_1_10_hem-10,32208.2,0.711402,-0.790581
UID_H24_1_11_hem-4,27122.2,-0.0212471,-2.33406
UID_H24_1_12_hem-14,42035.9,1.21535,-1.53155
UID_H24_1_13_hem,2520.05,-3.364,-0.599993
UID_H24_1_14_hem-9,30267.8,0.673802,-0.351146
UID_H24_1_16_hem-6,24602.7,0.226909,-0.176416
UID_H24_1_17_hem-3,5167.86,-2.88373,-0.456234
UID_H24_1_2_hem-3,20379.2,0.13793,0.795309
UID_H24_1_3_hem-7,20546.5,0.124177,0.69841
UID_H24_1_4_hem-13,26662.7,0.317976,-0.408654
UID_H24_1_5_hem-4,21522.9,-0.443653,-0.294365
UID_H24_1_6_hem-7,22358.1,0.142088,0.220451
UID_H24_1_7_hem-13,28289.7,0.512506,-0.296438
UID_H24_1_8_hem-14,47779.5,0.865701,-3.79743
UID_H24_1_9_hem-6,33922,0.87471,-0.696714
UID_H24_10_1_hem-3,6319.05,-3.54372,-2.62446
UID_H24_10_10_hem-8,18820.5,0.0224518,0.964261
UID_H24_10_11_hem-3,19706,-0.0375286,0.548279
UID_H24_10_12_hem-17,28693.3,0.616163,-0.158389
UID_H24_10_2_hem-3,20843.4,0.165171,0.780987
UID_H24_10_3_hem-13,40549.4,0.48945,-3.80669
UID_H24_10_4_hem-7,30425.9,0.701725,-0.301278
UID_H24_10_5_hem-6,25160.9,0.449106,0.319019
UID_H24_10_6_hem-5,20524.4,0.122479,0.676864
UID_H24_10_7_hem-17,22788.1,0.235082,0.350691
UID_H24_10_8_hem-15,27233.8,0.48479,-0.138487
UID_H24_10_9_hem-3,26793.1,0.480113,-0.0903779
UID_H24_11_1_hem-3,20813.8,0.133646,0.612409
UID_H24_11_2_hem-9,23924.5,0.303067,0.206541
UID_H24_11_3_hem-3,21006.4,0.111647,0.565491
UID_H24_11_4_hem-8,28691.4,0.623177,-0.14965
UID_H24_11_5_hem-14,32500.5,0.799993,-0.556494
UID_H24_11_6_hem-6,23907.8,0.276678,0.182391
UID_H24_11_7_hem-9,3371.82,-3.34549,-1.10613
UID_H24_11_8_hem-7,21066.8,0.133145,0.568401
UID_H24_12_1_hem-8,5215.05,-2.97144,-0.736261
UID_H24_12_2_hem-7,23504.5,0.241975,0.150804
UID_H24_12_3_hem-8,39468.4,0.705834,-2.51401
UID_H24_12_4_hem-6,20449.3,0.139425,0.833731
UID_H24_12_5_hem-6,8330.26,-2.66935,-0.695708
UID_H24_12_7_hem-3,20638.7,0.12485,0.639423
UID_H24_12_8_hem-10,23654.6,0.283233,0.228516
UID_H24_12_9_hem-4,21338.6,0.127332,0.498565
UID_H24_13_1_hem-5,23776.2,0.337523,0.414843
UID_H24_13_10_hem-10,24694.5,0.174512,-0.0910915
UID_H24_13_11_hem-13,21441.3,0.077656,0.280112
UID_H24_13_12_hem-13,30891.3,0.669894,-0.611712
UID_H24_13_13_hem-13,21402.1,0.142597,0.513667
UID_H24_13_14_hem-7,31113.9,0.590933,-0.828961
UID_H24_13_15_hem-10,25611.6,0.377507,0.0404185
UID_H24_13_16_hem-13,22347.7,0.223822,0.452661
UID_H24_13_17_hem-14,26569.6,0.473056,0.0447003
UID_H24_13_18_hem-9,23282.4,0.289794,0.380637
UID_H24_13_2_hem-7,22655.4,0.176909,0.285003
UID_H24_13_3_hem-10,24162.7,0.373532,0.392704
UID_H24_13_4_hem-15,25106.6,0.286411,-0.12729
UID_H24_13_5_hem-11,24433.2,-1.77826,-0.791211
UID_H24_13_6_hem-9,22088,0.152983,0.300136
UID_H24_13_7_hem-7,21862.2,0.177575,0.448563
UID_H24_13_8_hem-10,23042.3,0.249221,0.383083
UID_H24_13_9_hem-12,22239.3,0.171803,0.34711
UID_H24_14_1_hem-5,3779.11,-3.02749,-1.3493
UID_H24_14_2_hem-7,25726.4,0.415124,0.0959934
UID_H24_14_3_hem-15,28741.1,0.643474,-0.0720336
UID_H24_14_4_hem-5,3614.55,-3.14339,-0.559356
UID_H24_14_5_hem-4,23849.5,0.290659,0.218286
UID_H24_14_6_hem-5,31680.2,0.732196,-0.548466
UID_H24_15_1_hem-5,23849.1,0.288645,0.214498
UID_H24_15_10_hem-4,26699.6,0.307599,-0.466644
UID_H24_15_2_hem-4,4264.23,-2.46139,-0.232371
UID_H24_15_3_hem-4,23396.7,0.315525,0.466359
UID_H24_15_4_hem-6,21909.3,0.192578,0.562722
UID_H24_15_5_hem-2,23861,0.199402,0.114345
UID_H24_15_6_hem-4,22842.1,-0.25653,-0.389325
UID_H24_15_7_hem-14,26349.1,0.463389,0.0137336
UID_H24_15_8_hem-3,4110.71,-2.90121,1.18346
UID_H24_15_9_hem-4,19151.7,-0.0132454,0.724757
UID_H24_16_1_hem-6,20280.2,0.10354,0.768434
UID_H24_16_10_hem-8,27079.3,0.449397,-0.186239
UID_H24_16_11_hem-12,25919.5,0.496635,0.267165
UID_H24_16_12_hem-8,22354.8,0.211135,0.504549
UID_H24_16_13_hem-11,25198.5,0.348982,0.0551497
UID_H24_16_2_hem-4,4141.4,-3.17974,-0.416305
UID_H24_16_3_hem-11,17713.6,-2.15806,0.538473
UID_H24_16_4_hem-11,3894.2,-3.29059,-0.728392
UID_H24_16_6_hem-13,32874.2,0.519398,-1.1875
UID_H24_16_7_hem-10,27834.1,0.543544,-0.144412
UID_H24_16_8_hem-3,23578,0.219456,0.0658472
UID_H24_16_9_hem-4,23031,0.330934,0.610113
UID_H24_17_1_hem-5,2874.86,-3.17613,-1.43631
UID_H24_17_10_hem-5,20055.5,-0.114362,0.11316
UID_H24_17_11_hem-7,20587.1,0.149968,0.819409
UID_H24_17_2_hem-5,34365.9,0.677974,-1.55337
UID_H24_17_3_hem-2,8530.57,-2.52941,1.06094
UID_H24_17_4_hem-4,3561.44,-3.24059,-0.99694
UID_H24_17_6_hem-6,28226.2,0.562632,-0.190654
UID_H24_17_7_hem-10,27178.2,0.534002,0.0192577
UID_H24_17_8_hem-16,26477.6,0.421723,-0.104777
UID_H24_17_9_hem-7,22834.7,0.3117,0.614998
UID_H24_18_1_hem-15,26661.7,0.487984,0.00987486
UID_H24_18_10_hem-7,23835.5,0.260559,0.0723931
UID_H24_18_11_hem-2,18283.8,-0.122811,0.785059
UID_H24_18_2_hem-3,25106.8,0.370643,0.163614
UID_H24_18_3_hem-5,22134.4,0.231054,0.566892
UID_H24_18_4_hem-8,23897.3,0.28958,0.256724
UID_H24_18_5_hem-6,858.682,-1.95333,4.74802
UID_H24_18_6_hem-2,17277.5,-0.0808736,1.16286
UID_H24_18_7_hem-8,31739,0.795476,-0.393699
UID_H24_18_8_hem-5,2432.84,-3.16223,-1.23476
UID_H24_18_9_hem-5,20049.6,-0.0357585,0.400982
UID_H24_19_1_hem-9,23857.5,0.290983,0.194993
UID_H24_19_10_hem-2,17707.9,-0.592415,0.213392
UID_H24_19_11_hem-6,19328.7,0.00299423,0.779065
UID_H24_19_12_hem-12,21261.4,0.0673854,0.38651
UID_H24_19_13_hem-3,3092.58,-3.14069,-0.108575
UID_H24_19_14_hem-2,21190.3,-0.54079,-0.300388
UID_H24_19_2_hem-11,27359.4,0.480898,-0.170625
UID_H24_19_3_hem-8,26516.2,0.47279,0.00282759
UID_H24_19_4_hem-8,24784.8,0.350878,0.209872
UID_H24_19_5_hem-6,28313.2,0.40877,-0.673698
UID_H24_19_6_hem-5,22762.7,0.191353,0.280687
UID_H24_19_7_hem-16,41587.8,-0.415101,-2.93045
UID_H24_19_8_hem-6,26156.8,0.447549,0.0160561
UID_H24_19_9_hem-13,25692.4,0.303509,-0.285441
UID_H24_2_1_hem-8,27910.7,0.473925,-0.327289
UID_H24_2_10_hem-6,21260,0.227293,0.820737
UID_H24_2_11_hem-9,25205.7,0.346175,-0.0085742
UID_H24_2_12_hem-2,5473.26,-3.09288,-0.539613
UID_H24_2_2_hem-5,27776.6,0.607175,0.0962608
UID_H24_2_3_hem-12,32518.4,0.844657,-0.418721
UID_H24_2_4_hem-12,27000,0.419098,-0.328439
UID_H24_2_5_hem-8,24375.3,0.247379,-0.111008
UID_H24_2_6_hem-3,24338,0.284884,0.013168
UID_H24_2_7_hem-5,23609.3,0.301223,0.386089
UID_H24_2_8_hem-6,30918,-0.0947292,-2.6078
UID_H24_2_9_hem-9,24213.5,0.377037,0.349608
UID_H24_20_1_hem-13,30279.2,0.624554,-0.5481
UID_H24_20_10_hem-9,3398.02,-2.73322,-0.979903
UID_H24_20_11_hem-4,26222.2,0.477265,0.13048
UID_H24_20_2_hem-7,2572.49,-3.26846,-1.90909
UID_H24_20_3_hem-12,29839,0.630232,-0.394614
UID_H24_20_4_hem-11,6831.12,-2.20852,-1.12001
UID_H24_20_5_hem-4,21258.2,0.0625177,0.385716
UID_H24_20_6_hem-10,22444.5,0.0676879,-0.0902088
UID_H24_20_7_hem-9,23948.2,0.371658,0.45916
UID_H24_20_8_hem-9,24716.1,0.420859,0.377506
UID_H24_21_1_hem-8,24053.9,0.374259,0.435443
UID_H24_21_10_hem-6,28889,0.612528,-0.233255
UID_H24_21_11_hem-4,20815.2,0.0146933,0.331902
UID_H24_21_2_hem-4,26342.3,0.459075,0.0298001
UID_H24_21_3_hem-4,22626.6,0.246493,0.496943
UID_H24_21_4_hem-15,29538.5,0.58267,-0.437057
UID_H24_21_5_hem-14,27848.3,0.289697,-0.844064
UID_H24_21_6_hem-5,24823.9,0.374646,0.20574
UID_H24_21_7_hem-6,23973.2,0.228925,0.00139391
UID_H24_21_8_hem-12,27566.7,0.509479,-0.163068
UID_H24_21_9_hem-4,18240.1,0.00645333,1.13095
UID_H24_22_1_hem-3,24640.5,0.376146,0.277005
UID_H24_22_10_hem-5,19937.6,0.0899732,0.813493
UID_H24_22_11_hem-4,21570.2,0.167925,0.50003
UID_H24_22_12_hem-9,24487.9,0.218374,-0.125527
UID_H24_22_13_hem-5,5731.26,-2.62323,-0.663121
UID_H24_22_2_hem-16,43597,1.30508,-1.62064
UID_H24_22_3_hem-16,9986.37,-3.14811,-3.14807
UID_H24_22_4_hem-9,32223.1,0.768359,-0.569653
UID_H24_22_6_hem-8,30062.7,0.651534,-0.364992
UID_H24_22_7_hem-4,19756.9,0.00710515,0.64067
UID_H24_22_8_hem-9,3492.11,-3.47807,-1.0829
UID_H24_22_9_hem-2,18861.1,-0.00933932,0.811489
UID_H24_23_1_hem,2793.65,-2.98166,-0.702915
UID_H24_23_10_hem-10,27221.4,0.319753,-0.637504
UID_H24_23_11_hem-2,16553.5,-0.335088,0.663128
UID_H24_23_12_hem-6,21514.9,0.141859,0.509773
UID_H24_23_13_hem-16,25975.2,0.458715,0.126134
UID_H24_23_15_hem-11,33386.3,0.467953,-1.68722
UID_H24_23_2_hem-14,36180.2,-2.00106,-3.13855
UID_H24_23_3_hem-6,21645.6,0.146015,0.422134
UID_H24_23_4_hem-3,27343.8,0.437747,-0.283319
UID_H24_23_5_hem-6,20499.9,0.132846,0.735476
UID_H24_23_6_hem-7,25126.1,0.37181,0.154361
UID_H24_23_7_hem-4,17794.7,-0.128184,0.845306
UID_H24_23_8_hem-5,19791.5,0.104785,0.893629
UID_H24_23_9_hem-3,19846.9,0.106005,0.893576
UID_H24_24_1_hem-2,3137.58,-3.3013,-1.30945
UID_H24_24_10_hem-9,31487.2,-0.118306,-1.13167
UID_H24_24_2_hem-4,27145.1,0.502285,-0.0476847
UID_H24_24_3_hem-6,24060.7,0.327052,0.274265
UID_H24_24_4_hem-7,18377.6,-1.90979,-1.73604
UID_H24_24_5_hem-21,18972.9,-3.45763,-1.08282
UID_H24_24_6_hem,2058.3,-3.14951,-0.872614
UID_H24_24_7_hem-2,16713.2,-0.157969,1.12303
UID_H24_24_8_hem-4,7670.32,-3.07501,-0.028783
UID_H24_24_9_hem-8,25106.1,0.379681,0.137851
UID_H24_25_1_hem-11,25350,0.440072,0.261825
UID_H24_25_10_hem-2,17003.1,-0.147089,1.0262
UID_H24_25_11_hem-3,2021.25,-2.3542,-0.288394
UID_H24_25_2_hem-2,19889.4,0.0821607,0.815048
UID_H24_25_3_hem-5,18131.4,-2.31221,-0.203017
UID_H24_25_4_hem-2,17839.7,-0.129486,0.835526
UID_H24_25_5_hem-22,7007.77,-2.82454,-3.4026
UID_H24_25_6_hem-3,19692.7,0.100901,0.949548
UID_H24_25_7_hem-5,22231.8,0.144024,0.382044
UID_H24_25_8_hem,2844.72,-3.32731,-2.31554
UID_H24_25_9_hem-2,18402,-0.056315,0.886664
UID_H24_26_1_hem-5,22491.2,0.187881,0.399902
UID_H24_26_2_hem-3,23441,0.191554,-0.123354
UID_H24_26_3_hem-7,18627.2,-3.18237,0.6505
UID_H24_26_4_hem-8,49687.4,1.2408,-2.92102
UID_H24_27_1_hem-2,18450.5,-0.122634,0.547775
UID_H24_27_10_hem-2,17981.9,-0.0868282,0.898652
UID_H24_27_11_hem-3,21486.4,0.157512,0.55495
UID_H24_27_2_hem-17,27671.8,0.561494,0.0285011
UID_H24_27_3_hem-4,26547.2,0.417013,-0.156686
UID_H24_27_4_hem-5,23855.6,0.32796,0.329042
UID_H24_27_5_hem-8,23155,0.178776,-0.0735936
UID_H24_27_6_hem-9,30413.6,-0.241259,-0.850931
UID_H24_27_7_hem-2,16527.1,-0.14484,1.28783
UID_H24_27_8_hem-18,40982,1.23936,-1.22211
UID_H24_27_9_hem-10,25535.2,0.388189,0.0818727
UID_H24_28_1_hem-2,18437.7,-0.655261,-1.54074
UID_H24_28_10_hem-6,22829.7,0.163387,0.051771
UID_H24_28_11_hem-2,18362.5,-0.00269126,1.06944
UID_H24_28_12_hem-2,18505.1,-0.178997,0.659265
UID_H24_28_13_hem-7,20448.5,0.134294,0.774748
UID_H24_28_14_hem-11,34210.6,0.855672,-0.863585
UID_H24_28_15_hem-5,23338.2,0.308085,0.450386
UID_H24_28_16_hem-14,25304.9,0.454842,0.330806
UID_H24_28_17_hem-7,23693.3,0.275384,0.184481
UID_H24_28_2_hem-6,21940.9,0.22214,0.644593
UID_H24_28_3_hem-13,9381.4,-2.559,-0.334945
UID_H24_28_4_hem-2,18328.4,-0.00963496,1.0777
UID_H24_28_5_hem-3,31981.4,0.0636387,-1.96523
UID_H24_28_6_hem-2,15477,-0.219632,1.37823
UID_H24_28_7_hem-2,19149.4,-0.321714,-0.221825
UID_H24_28_8_hem-9,4068.83,-3.03447,-0.458544
UID_H24_28_9_hem-2,17112.2,-0.121278,1.11148
UID_H24_29_1_hem-2,2604.79,-2.82807,-0.70231
UID_H24_29_10_hem-6,47636.8,1.27328,-2.61053
UID_H24_29_11_hem-8,21774.6,0.11037,0.318295
UID_H24_29_12_hem-6,12159.7,-2.30026,0.785129
UID_H24_29_2_hem-4,4244.4,-3.28323,-1.02202
UID_H24_29_3_hem-2,17232.7,-0.111414,1.09799
UID_H24_29_4_hem-3,7734.91,-2.68671,0.0717737
UID_H24_29_5_hem,4456.12,-2.94398,-0.123249
UID_H24_29_6_hem-3,2882.57,-2.98931,-0.628825
UID_H24_29_7_hem-15,30576.9,0.633156,-0.475974
UID_H24_29_8_hem-2,18612.8,-0.00234912,1.00426
UID_H24_29_9_hem-6,22328,-0.016014,-0.00587818
UID_H24_3_1_hem-7,28207.1,0.625452,0.0339813
UID_H24_3_10_hem-9,24573.3,0.403556,0.387246
UID_H24_3_11_hem-6,34095,0.686587,-1.4106
UID_H24_3_12_hem-4,23805.7,0.354079,0.412533
UID_H24_3_13_hem-5,24488.6,0.393532,0.319386
UID_H24_3_14_hem-4,21197.2,0.216832,0.813432
UID_H24_3_15_hem-3,22209.9,0.229402,0.566605
UID_H24_3_2_hem-5,25833.2,-0.491769,-1.16472
UID_H24_3_3_hem-8,26941.5,0.426101,-0.298248
UID_H24_3_4_hem-8,23998.9,0.290915,0.265537
UID_H24_3_5_hem-6,24397.9,0.246838,-0.113495
UID_H24_3_6_hem-8,24339,0.341581,0.293554
UID_H24_3_7_hem-6,21842.3,0.186781,0.577448
UID_H24_3_8_hem-9,2780.62,-3.12785,-1.87464
UID_H24_3_9_hem-4,30522.1,0.172246,-1.88575
UID_H24_30_1_hem-9,29343.9,0.613738,-0.328735
UID_H24_30_10_hem-11,29176.5,0.628583,-0.216283
UID_H24_30_11_hem,2662.23,-3.24166,0.430811
UID_H24_30_12_hem-6,21829.1,0.0457938,0.20739
UID_H24_30_13_hem-8,20777.3,0.110256,0.662728
UID_H24_30_14_hem-4,17262.8,-0.149762,1.00945
UID_H24_30_15_hem-13,29457.5,0.641526,-0.271897
UID_H24_30_2_hem-3,22753.4,0.0436275,-0.2357
UID_H24_30_3_hem-10,30453.8,0.705636,-0.338293
UID_H24_30_4_hem-10,25210,0.272198,-0.312462
UID_H24_30_5_hem-4,17305.8,-0.0795519,1.18139
UID_H24_30_6_hem-5,21741.5,0.102055,0.184408
UID_H24_30_7_hem-5,23138.7,0.262388,0.377554
UID_H24_30_8_hem-3,17491.7,-0.0800633,1.12715
UID_H24_30_9_hem-3,18318,-0.0675484,0.856963
UID_H24_31_1_hem-4,24965.3,0.215463,-0.422276
UID_H24_31_10_hem,1971.67,-2.56305,0.713903
UID_H24_31_11_hem-7,22997.5,0.252312,0.390948
UID_H24_31_12_hem-3,17458.4,-0.0854081,1.1259
UID_H24_31_13_hem-2,18297.8,-0.0544428,0.885081
UID_H24_31_14_hem-12,29091.1,0.627331,-0.202547
UID_H24_31_2_hem-2,16190.1,-0.131454,1.40935
UID_H24_31_3_hem-3,22667.2,0.0466795,-0.199423
UID_H24_31_4_hem-3,2373.04,-3.55936,-2.19381
UID_H24_31_5_hem-7,24850.7,0.209961,-0.296353
UID_H24_31_6_hem-5,17042.4,-0.102108,1.20304
UID_H24_31_7_hem-6,21444.3,0.0867211,0.221565
UID_H24_31_8_hem-16,39514.1,0.940892,-1.78857
UID_H24_31_9_hem-23,45756.2,1.10832,-2.36925
UID_H24_32_1_hem-10,22088.9,0.218748,0.510601
UID_H24_32_10_hem-2,15528.1,-0.237692,1.31306
UID_H24_32_11_hem-14,29786.8,0.584906,-0.596392
UID_H24_32_12_hem-10,13241.9,-2.24902,1.35548
UID_H24_32_13_hem-4,19686.1,-0.0187308,0.578767
UID_H24_32_2_hem-2,19171.3,-0.0155732,0.700734
UID_H24_32_3_hem-10,31534.3,0.75806,-0.43347
UID_H24_32_4_hem-4,23218,0.133803,-0.163914
UID_H24_32_5_hem-7,22402.4,0.188474,0.280501
UID_H24_32_6_hem-2,19964.2,-0.0129653,0.4564
UID_H24_32_7_hem-5,18372.9,0.0218294,1.13371
UID_H24_32_8_hem-5,20931.4,0.114989,0.632587
UID_H24_32_9_hem-4,14685.2,-0.28261,1.49964
UID_H24_33_1_hem-8,23006.1,0.325683,0.588741
UID_H24_33_10_hem-3,15430.6,-0.24363,1.3308
UID_H24_33_11_hem-2,16511.9,-0.244841,1.09826
UID_H24_33_12_hem-2,16474.5,-0.130636,1.32064
UID_H24_33_13_hem-10,20435.5,0.065878,0.557172
UID_H24_33_14_hem-16,29919,0.598694,-0.5813
UID_H24_33_15_hem-11,11952.9,-1.84012,1.33712
UID_H24_33_2_hem-5,20440.9,0.145773,0.819544
UID_H24_33_3_hem-8,22080.5,0.218701,0.511563
UID_H24_33_4_hem-4,19058.2,-0.020876,0.721954
UID_H24_33_5_hem-7,23264.6,0.143121,-0.146555
UID_H24_33_6_hem-5,19722,-0.0247727,0.490317
UID_H24_33_7_hem-3,18453,0.0321598,1.13367
UID_H24_33_8_hem-12,35956.5,-0.0538536,-3.70103
UID_H24_33_9_hem-7,36428.3,0.54956,-1.79075
UID_H24_34_1_hem-10,25944,0.451016,0.141761
UID_H24_34_10_hem-4,21272.2,0.201681,0.730467
UID_H24_34_11_hem-2,14745.9,-0.299176,1.41549
UID_H24_34_12_hem-13,12727.1,-3.03836,-1.32773
UID_H24_34_2_hem-9,21991.2,0.207272,0.556115
UID_H24_34_3_hem-2,16775.9,-0.116413,1.26611
UID_H24_34_4_hem-12,26348.1,0.150009,-0.790312
UID_H24_34_5_hem-10,20546.2,0.038066,0.566594
UID_H24_34_6_hem-15,33929.3,0.810649,-0.851695
UID_H24_34_7_hem-23,39564.7,1.13915,-1.18065
UID_H24_34_8_hem,2036.36,-2.67206,-0.142114
UID_H24_34_9_hem-6,25987.7,-0.193644,-1.67315
UID_H24_35_1_hem-14,25835.6,0.484341,0.227329
UID_H24_35_2_hem-10,17730.3,-0.0697647,1.08567
UID_H24_35_3_hem-23,31669.8,0.732658,-0.533929
UID_H24_35_4_hem-7,19222.1,-0.0230523,0.747672
UID_H24_35_5_hem-11,19779.4,0.0448759,0.720928
UID_H24_35_6_hem-2,15035.2,-0.294072,1.31977
UID_H24_35_7_hem-5,39001.5,0.347281,-3.11168
UID_H24_35_8_hem-5,20796.3,0.130064,0.672535
UID_H24_35_9_hem-7,22073.9,0.138553,0.280744
UID_H24_36_1_hem-5,20797.5,0.1852,0.822742
UID_H24_36_10_hem-5,22473.4,0.174421,0.291304
UID_H24_36_2_hem-2,19435.1,0.00676508,0.780164
UID_H24_36_3_hem-8,24392.6,0.37668,0.335268
UID_H24_36_4_hem-3,21619,0.220241,0.696643
UID_H24_36_5_hem-7,21258.6,0.205118,0.759827
UID_H24_36_6_hem-12,35747.1,0.867628,-1.04641
UID_H24_36_7_hem-5,22205.6,0.168736,0.349853
UID_H24_36_8_hem-2,19999.2,0.0740154,0.738909
UID_H24_36_9_hem-7,23314.5,0.301848,0.420093
UID_H24_4_1_hem-11,28261.7,0.597247,-0.119263
UID_H24_4_2_hem-5,3493.36,-3.19783,-0.891947
UID_H24_4_3_hem-5,29800.9,0.367439,-0.974104
UID_H24_4_4_hem-10,10208.5,-2.60254,0.683118
UID_H24_4_5_hem-7,10326.5,-2.70728,-0.656738
UID_H24_4_6_hem-8,29185.8,0.538226,-0.499179
UID_H24_4_7_hem-6,25924.3,0.481231,0.216268
UID_H24_4_8_hem-7,22373,0.267442,0.620407
UID_H24_5_1_hem-5,20918.1,0.0872963,0.532736
UID_H24_5_2_hem-6,27162.6,0.467382,-0.198188
UID_H24_5_3_hem-7,15338.3,-2.50305,-0.729655
UID_H24_5_4_hem-2,6850.95,-2.17521,1.94027
UID_H24_5_5_hem-8,12328.7,-3.02584,-0.999134
UID_H24_5_6_hem-3,27759.8,0.513947,-0.199766
UID_H24_5_7_hem-4,27996.9,0.400302,-0.568379
UID_H24_5_8_hem-6,20447.2,-2.28287,-3.06398
UID_H24_5_9_hem-3,6541.4,-3.21562,1.27059
UID_H24_6_1_hem-3,29285.9,0.492483,-0.625782
UID_H24_6_10_hem-11,26502,0.421649,-0.215528
UID_H24_6_11_hem-9,24771.5,0.367932,0.172426
UID_H24_6_12_hem-2,19731.2,-0.315369,0.134545
UID_H24_6_2_hem-5,23239.4,0.234003,0.317591
UID_H24_6_3_hem-8,29973.8,0.649188,-0.384194
UID_H24_6_4_hem-6,23774.6,0.318541,0.353194
UID_H24_6_5_hem-5,23736.9,0.0130205,-0.681051
UID_H24_6_6_hem-2,15293.6,-0.290479,1.21238
UID_H24_6_7_hem-4,20784,-0.0220478,0.417333
UID_H24_6_8_hem-5,23597.5,0.302995,0.354426
UID_H24_6_9_hem-4,20032.8,0.112422,0.898869
UID_H24_7_1_hem-11,25032.5,-2.80186,-1.44881
UID_H24_7_2_hem-7,24636.5,0.382436,0.294618
UID_H24_7_3_hem-7,30428.9,0.590054,-0.67773
UID_H24_7_4_hem-10,29610.4,0.631304,-0.328138
UID_H24_7_5_hem-13,41219.9,1.14109,-1.57194
UID_H24_7_6_hem-5,35170.6,0.123541,-2.24337
UID_H24_7_7_hem-16,5208.12,-3.77005,-3.34708
UID_H24_8_1_hem-4,2001.07,-2.8963,-0.922109
UID_H24_8_2_hem-4,22534.3,0.297918,0.63222
UID_H24_8_3_hem-7,22300.8,0.229707,0.54574
UID_H24_8_4_hem-2,19194.4,0.0220565,0.908371
UID_H24_8_5_hem-4,17655.5,-0.164233,0.805728
UID_H24_8_6_hem-2,2153.65,-2.94118,-0.712081
UID_H24_8_7_hem-3,17488.1,-0.111189,1.05635
UID_H24_8_8_hem-5,35739.6,0.882984,-1.08518
UID_H24_8_9_hem-5,22115.3,0.17873,0.430549
UID_H24_9_1_hem-9,8760.4,-3.09324,-1.06908
UID_H24_9_2_hem-7,24537.7,0.318334,0.0860213
UID_H24_9_3_hem-19,24258.3,-1.66017,-0.485032
UID_H24_9_4_hem-3,19253.9,-0.0174059,0.71466
UID_H6_1_1_hem-18,36927.6,0.989836,-1.09275
UID_H6_1_2_hem-20,46322.8,1.4031,-1.86927
UID_H6_10_1_hem-23,41921.7,1.06009,-1.95025
UID_H6_10_2_hem-3,41612.1,1.17025,-1.57301
UID_H6_11_1_hem-23,33381.4,0.847337,-0.671943
UID_H6_12_1_hem-26,36481,1.03501,-0.841087
UID_H6_14_1_hem-29,30067.7,0.571408,-0.695251
UID_H6_15_1_hem-11,26938.3,0.462309,-0.163081
UID_H6_15_2_hem-15,28663.6,0.552163,-0.375641
UID_H6_15_3_hem-7,34365.4,0.727829,-1.03248
UID_H6_16_1_hem-8,40281.6,1.09709,-1.3476
UID_H6_2_1_hem-22,41362.9,1.16238,-1.51748
UID_H6_3_1_hem-24,44939.9,1.28806,-1.93007
UID_H6_4_1_hem-19,37315.8,0.962895,-1.25209
UID_H6_5_1_hem-23,38893.5,0.998311,-1.46142
UID_H6_6_1_hem-18,41513.4,1.16969,-1.53248
UID_H6_7_1_hem-32,35910,0.957144,-0.884503
UID_H6_8_1_hem-23,30411.5,0.580614,-0.794976
UID_H7_1_1_hem-14,31969.5,0.768847,-0.540007
UID_H7_1_2_hem-18,44200.8,0.345288,-3.74789
UID_H7_10_1_hem-6,31144,-0.189972,-3.77605
UID_H7_10_2_hem-7,32003.8,0.762165,-0.562276
UID_H7_12_1_hem-5,33544.2,0.718142,-1.00831
UID_H7_14_1_hem-3,4592.18,-1.77837,1.69767
UID_H7_15_1_hem-18,26407.2,0.34204,-0.319684
UID_H7_15_2_hem-5,37188.8,0.833654,-2.0425
UID_H7_2_1_hem-10,23934.9,0.332813,0.300105
UID_H7_2_2_hem-15,26585.8,0.369995,-0.358662
UID_H7_2_3_hem-7,30616.1,0.645447,-0.431095
UID_H7_2_4_hem-17,27230,0.356972,-0.568009
UID_H7_3_1_hem-5,28088.7,-1.78859,-0.843973
UID_H7_3_2_hem-12,11018.4,-2.94512,-0.196411
UID_H7_5_1_hem-6,47458.3,1.15587,-2.87314
UID_H7_7_1_hem-9,28268.7,0.619152,-0.00673188
UID_H7_8_1_hem-5,26911.8,0.442465,-0.0845288
UID_H7_9_1_hem-2,26784.5,0.475508,-0.00183633